X,Y,Name,description,timestamp,begin,end,altitudeMode,tessellate,extrude,visibility,drawOrder,icon
-73.133297,7.141051,INTERSECCIÓN SEMAFÓRICA,INTERSECCIÓN SEMAFÓRICA    <br>       <br>   DIRECCION   CRA. 15 CALLE 3,,,,,-1,0,-1,,
-73.13272,7.139013,INTERSECCIÓN SEMAFÓRICA,INTERSECCIÓN SEMAFÓRICA    <br>       <br>   DIRECCION   CRA. 15 CALLE 5,,,,,-1,0,-1,,
-73.131616,7.136559,INTERSECCIÓN SEMAFÓRICA,INTERSECCIÓN SEMAFÓRICA    <br>       <br>   DIRECCION   CRA. 15 CALLE 9,,,,,-1,0,-1,,
-73.131548,7.117669,INTERSECCIÓN SEMAFÓRICA,INTERSECCIÓN SEMAFÓRICA    <br>       <br>   DIRECCION   CRA. 9 CALLE 34,,,,,-1,0,-1,,
-73.131086,7.116075,INTERSECCIÓN SEMAFÓRICA,INTERSECCIÓN SEMAFÓRICA    <br>       <br>   DIRECCION   CRA. 9 CALLE 37,,,,,-1,0,-1,,
-73.130899,7.134803,INTERSECCIÓN SEMAFÓRICA,INTERSECCIÓN SEMAFÓRICA    <br>       <br>   DIRECCION   CRA. 15 CALLE 12,,,,,-1,0,-1,,
-73.130357,7.131913,INTERSECCIÓN SEMAFÓRICA,INTERSECCIÓN SEMAFÓRICA    <br>       <br>   DIRECCION   CRA. 15 CALLE 15,,,,,-1,0,-1,,
-73.129944,7.113101,INTERSECCIÓN SEMAFÓRICA,INTERSECCIÓN SEMAFÓRICA    <br>       <br>   DIRECCION   CRA. 9 CALLE 44,,,,,-1,0,-1,,
-73.129662,7.112335,INTERSECCIÓN SEMAFÓRICA,INTERSECCIÓN SEMAFÓRICA    <br>       <br>   DIRECCION   CRA. 9 CALLE 45,,,,,-1,0,-1,,
-73.129345,7.126807,INTERSECCIÓN SEMAFÓRICA,INTERSECCIÓN SEMAFÓRICA    <br>       <br>   DIRECCION   CRA. 15 CALLE 21,,,,,-1,0,-1,,
-73.129052,7.125236,INTERSECCIÓN SEMAFÓRICA,INTERSECCIÓN SEMAFÓRICA    <br>       <br>   DIRECCION   CRA. 15 B. SANTANDER,,,,,-1,0,-1,,
-73.128046,7.117456,INTERSECCIÓN SEMAFÓRICA,INTERSECCIÓN SEMAFÓRICA    <br>       <br>   DIRECCION   CRA. 13 CALLE  36,,,,,-1,0,-1,,
-73.127304,7.120177,INTERSECCIÓN SEMAFÓRICA,INTERSECCIÓN SEMAFÓRICA    <br>       <br>   DIRECCION   CRA. 15 CALLE 33,,,,,-1,0,-1,,
-73.127223,7.117665,INTERSECCIÓN SEMAFÓRICA,INTERSECCIÓN SEMAFÓRICA    <br>       <br>   DIRECCION   CRA. 14 CALLE 36,,,,,-1,0,-1,,
-73.127117,7.113661,INTERSECCIÓN SEMAFÓRICA,INTERSECCIÓN SEMAFÓRICA    <br>       <br>   DIRECCION   CRA. 13 CALLE 45,,,,,-1,0,-1,,
-73.127037,7.128202,INTERSECCIÓN SEMAFÓRICA,INTERSECCIÓN SEMAFÓRICA    <br>       <br>   DIRECCION   CRA. 18 CALLE 20 (B. SANTANDER),,,,,-1,0,-1,,
-73.127022,7.132545,INTERSECCIÓN SEMAFÓRICA,INTERSECCIÓN SEMAFÓRICA    <br>       <br>   DIRECCION   CRA. 19 B. BOLÍVAR,,,,,-1,0,-1,,
-73.126974,7.11935,INTERSECCIÓN SEMAFÓRICA,INTERSECCIÓN SEMAFÓRICA    <br>       <br>   DIRECCION   CRA. 15 CALLE 34,,,,,-1,0,-1,,
-73.126367,7.129204,INTERSECCIÓN SEMAFÓRICA,INTERSECCIÓN SEMAFÓRICA    <br>       <br>   DIRECCION   CRA. 19 B. SANTANDER,,,,,-1,0,-1,,
-73.126379,7.117857,INTERSECCIÓN SEMAFÓRICA,INTERSECCIÓN SEMAFÓRICA    <br>       <br>   DIRECCION   CRA. 15 CALLE 36,,,,,-1,0,-1,,
-73.126138,7.117274,INTERSECCIÓN SEMAFÓRICA,INTERSECCIÓN SEMAFÓRICA    <br>       <br>   DIRECCION   CRA. 15 CALLE 37,,,,,-1,0,-1,,
-73.125805,7.123649,INTERSECCIÓN SEMAFÓRICA,INTERSECCIÓN SEMAFÓRICA    <br>       <br>   DIRECCION   CRA. 18 AV. Q. SECA,,,,,-1,0,-1,,
-73.125739,7.116268,INTERSECCIÓN SEMAFÓRICA,INTERSECCIÓN SEMAFÓRICA    <br>       <br>   DIRECCION   CRA. 15 CALLE 41,,,,,-1,0,-1,,
-73.125611,7.118153,INTERSECCIÓN SEMAFÓRICA,INTERSECCIÓN SEMAFÓRICA    <br>       <br>   DIRECCION   CRA. 16 CALLE 36,,,,,-1,0,-1,,
-73.125439,7.115531,INTERSECCIÓN SEMAFÓRICA,INTERSECCIÓN SEMAFÓRICA    <br>       <br>   DIRECCION   CRA. 15 CALLE 42,,,,,-1,0,-1,,
-73.125061,7.114512,INTERSECCIÓN SEMAFÓRICA,INTERSECCIÓN SEMAFÓRICA    <br>       <br>   DIRECCION   CRA. 15 CALLE 45,,,,,-1,0,-1,,
-73.124896,7.118441,INTERSECCIÓN SEMAFÓRICA,INTERSECCIÓN SEMAFÓRICA    <br>       <br>   DIRECCION   CRA. 17 CALLES 36,,,,,-1,0,-1,,
-73.124825,7.121169,INTERSECCIÓN SEMAFÓRICA,INTERSECCIÓN SEMAFÓRICA    <br>       <br>   DIRECCION   CRA. 18 CALLE 33,,,,,-1,0,-1,,
-73.124794,7.123639,INTERSECCIÓN SEMAFÓRICA,INTERSECCIÓN SEMAFÓRICA    <br>       <br>   DIRECCION   CRA. 19  AV. Q. SECA,,,,,-1,0,-1,,
-73.124572,7.099462,INTERSECCIÓN SEMAFÓRICA,INTERSECCIÓN SEMAFÓRICA    <br>       <br>   DIRECCION   CRA. 5 CALLE 64,,,,,-1,0,-1,,
-73.124234,7.114838,INTERSECCIÓN SEMAFÓRICA,INTERSECCIÓN SEMAFÓRICA    <br>       <br>   DIRECCION   CRA. 16 CALLE 45,,,,,-1,0,-1,,
-73.124244,7.119463,INTERSECCIÓN SEMAFÓRICA,INTERSECCIÓN SEMAFÓRICA    <br>       <br>   DIRECCION   CRA. 18 CALLE 35,,,,,-1,0,-1,,
-73.124008,7.118796,INTERSECCIÓN SEMAFÓRICA,INTERSECCIÓN SEMAFÓRICA    <br>       <br>   DIRECCION   CRA. 18 CALLE 36,,,,,-1,0,-1,,
-73.123643,7.120577,INTERSECCIÓN SEMAFÓRICA,INTERSECCIÓN SEMAFÓRICA    <br>       <br>   DIRECCION   CRA. 19 CALLE 34,,,,,-1,0,-1,,
-73.123979,7.130518,INTERSECCIÓN SEMAFÓRICA,INTERSECCIÓN SEMAFÓRICA    <br>       <br>   DIRECCION   CRA. 22 B. BOLÍVAR,,,,,-1,0,-1,,
-73.123727,7.117969,INTERSECCIÓN SEMAFÓRICA,INTERSECCIÓN SEMAFÓRICA    <br>       <br>   DIRECCION   CRA. 18 CALLE 37,,,,,-1,0,-1,,
-73.123338,7.124135,INTERSECCIÓN SEMAFÓRICA,INTERSECCIÓN SEMAFÓRICA    <br>       <br>   DIRECCION   CRA. 21  AV. Q. SECA,,,,,-1,0,-1,,
-73.123099,7.119156,INTERSECCIÓN SEMAFÓRICA,INTERSECCIÓN SEMAFÓRICA    <br>       <br>   DIRECCION   CRA. 19 CALLE 36,,,,,-1,0,-1,,
-73.123005,7.115317,INTERSECCIÓN SEMAFÓRICA,INTERSECCIÓN SEMAFÓRICA    <br>       <br>   DIRECCION   CRA. 17 CALLE 45,,,,,-1,0,-1,,
-73.122981,7.123261,INTERSECCIÓN SEMAFÓRICA,INTERSECCIÓN SEMAFÓRICA    <br>       <br>   DIRECCION   CRA. 21 CALLE 31,,,,,-1,0,-1,,
-73.122679,7.112983,INTERSECCIÓN SEMAFÓRICA,INTERSECCIÓN SEMAFÓRICA    <br>       <br>   DIRECCION   DIAG. 15 AV. ROSITA,,,,,-1,0,-1,,
-73.122513,7.100753,INTERSECCIÓN SEMAFÓRICA,INTERSECCIÓN SEMAFÓRICA    <br>       <br>   DIRECCION   CRA. 8 CALLE 64,,,,,-1,0,-1,,
-73.12213,7.121123,INTERSECCIÓN SEMAFÓRICA,INTERSECCIÓN SEMAFÓRICA    <br>       <br>   DIRECCION   CRA. 21 CALLE 34,,,,,-1,0,-1,,
-73.121518,7.119602,INTERSECCIÓN SEMAFÓRICA,INTERSECCIÓN SEMAFÓRICA    <br>       <br>   DIRECCION   CRA. 21 CALLE 36,,,,,-1,0,-1,,
-73.121068,7.113865,INTERSECCIÓN SEMAFÓRICA,INTERSECCIÓN SEMAFÓRICA    <br>       <br>   DIRECCION   CRA. 18 AV. ROSITA,,,,,-1,0,-1,,
-73.12098,7.120642,INTERSECCIÓN SEMAFÓRICA,INTERSECCIÓN SEMAFÓRICA    <br>       <br>   DIRECCION   CRA. 22 CALLE 35,,,,,-1,0,-1,,
-73.120844,7.083072,INTERSECCIÓN SEMAFÓRICA,INTERSECCIÓN SEMAFÓRICA    <br>       <br>   DIRECCION   CRA. 16 CALLE 105 (PROVENZA),,,,,-1,0,-1,,
-73.120683,7.119893,INTERSECCIÓN SEMAFÓRICA,INTERSECCIÓN SEMAFÓRICA    <br>       <br>   DIRECCION   CRA. 22 CALLE 36,,,,,-1,0,-1,,
-73.120605,7.110085,INTERSECCIÓN SEMAFÓRICA,INTERSECCIÓN SEMAFÓRICA    <br>       <br>   DIRECCION   CRA. 17 CALLE 52,,,,,-1,0,-1,,
-73.120177,7.134536,INTERSECCIÓN SEMAFÓRICA,INTERSECCIÓN SEMAFÓRICA    <br>       <br>   DIRECCION   CRA. 27 CALLE 14,,,,,-1,0,-1,,
-73.120214,7.102925,INTERSECCIÓN SEMAFÓRICA,INTERSECCIÓN SEMAFÓRICA    <br>       <br>   DIRECCION   AV. LOS BUCAROS CALLE 64,,,,,-1,0,-1,,
-73.120081,7.094035,INTERSECCIÓN SEMAFÓRICA,INTERSECCIÓN SEMAFÓRICA    <br>       <br>   DIRECCION   AUTOPISTA GIRON BARRIO SAN LUIS,,,,,-1,0,-1,,
-73.119966,7.108268,INTERSECCIÓN SEMAFÓRICA,INTERSECCIÓN SEMAFÓRICA    <br>       <br>   DIRECCION   CRA. 17 CALLE 55,,,,,-1,0,-1,,
-73.119918,7.132219,INTERSECCIÓN SEMAFÓRICA,INTERSECCIÓN SEMAFÓRICA    <br>       <br>   DIRECCION   CRA. 27 CALLE 17,,,,,-1,0,-1,,
-73.119896,7.116352,INTERSECCIÓN SEMAFÓRICA,INTERSECCIÓN SEMAFÓRICA    <br>       <br>   DIRECCION   CRA. 21 CALLE 45,,,,,-1,0,-1,,
-73.119574,7.107088,INTERSECCIÓN SEMAFÓRICA,INTERSECCIÓN SEMAFÓRICA    <br>       <br>   DIRECCION   CRA.17 CALLE 56,,,,,-1,0,-1,,
-73.11955,7.117408,INTERSECCIÓN SEMAFÓRICA,INTERSECCIÓN SEMAFÓRICA    <br>       <br>   DIRECCION   CRA. 22 CALLE 41,,,,,-1,0,-1,,
-73.119493,7.129658,INTERSECCIÓN SEMAFÓRICA,INTERSECCIÓN SEMAFÓRICA    <br>       <br>   DIRECCION   CRA. 27 CALLE 20,,,,,-1,0,-1,,
-73.119419,7.115258,INTERSECCIÓN SEMAFÓRICA,INTERSECCIÓN SEMAFÓRICA    <br>       <br>   DIRECCION   CRA. 21 AV. ROSITA,,,,,-1,0,-1,,
-73.119027,7.120468,INTERSECCIÓN SEMAFÓRICA,INTERSECCIÓN SEMAFÓRICA    <br>       <br>   DIRECCION   CRA. 24 CALLE 36,,,,,-1,0,-1,,
-73.118503,7.113213,INTERSECCIÓN SEMAFÓRICA,INTERSECCIÓN SEMAFÓRICA    <br>       <br>   DIRECCION   CRA. 21 CALLE 50,,,,,-1,0,-1,,
-73.118409,7.117004,INTERSECCIÓN SEMAFÓRICA,INTERSECCIÓN SEMAFÓRICA    <br>       <br>   DIRECCION   CRA. 23 AV. ROSITA,,,,,-1,0,-1,,
-73.118109,7.108927,INTERSECCIÓN SEMAFÓRICA,INTERSECCIÓN SEMAFÓRICA    <br>       <br>   DIRECCION   CRA. 17C CALLE 55,,,,,-1,0,-1,,
-73.117573,7.123968,INTERSECCIÓN SEMAFÓRICA,INTERSECCIÓN SEMAFÓRICA    <br>       <br>   DIRECCION   CRA. 27 CALLE 33,,,,,-1,0,-1,,
-73.117605,7.109103,INTERSECCIÓN SEMAFÓRICA,INTERSECCIÓN SEMAFÓRICA    <br>       <br>   DIRECCION   DIAG. 15 CALLE 55,,,,,-1,0,-1,,
-73.1171,7.12295,INTERSECCIÓN SEMAFÓRICA,INTERSECCIÓN SEMAFÓRICA    <br>       <br>   DIRECCION   CRA. 27 CALLE 34,,,,,-1,0,-1,,
-73.116925,7.108549,INTERSECCIÓN SEMAFÓRICA,INTERSECCIÓN SEMAFÓRICA    <br>       <br>   DIRECCION   DIAG. 15 CALLE 56,,,,,-1,0,-1,,
-73.116818,7.122175,INTERSECCIÓN SEMAFÓRICA,INTERSECCIÓN SEMAFÓRICA    <br>       <br>   DIRECCION   CRA. 27 CALLE 35,,,,,-1,0,-1,,
-73.116794,7.12851,INTERSECCIÓN SEMAFÓRICA,INTERSECCIÓN SEMAFÓRICA    <br>       <br>   DIRECCION   CRA. 30 AV. Q. SECA,,,,,-1,0,-1,,
-73.116662,7.109467,INTERSECCIÓN SEMAFÓRICA,INTERSECCIÓN SEMAFÓRICA    <br>       <br>   DIRECCION   CRA. 21 CALLE 55,,,,,-1,0,-1,,
-73.116563,7.121375,INTERSECCIÓN SEMAFÓRICA,INTERSECCIÓN SEMAFÓRICA    <br>       <br>   DIRECCION   CRA. 27 CALLE 36,,,,,-1,0,-1,,
-73.116378,7.108792,INTERSECCIÓN SEMAFÓRICA,INTERSECCIÓN SEMAFÓRICA    <br>       <br>   DIRECCION   CRA. 21 CALLE 56,,,,,-1,0,-1,,
-73.116188,7.123473,INTERSECCIÓN SEMAFÓRICA,INTERSECCIÓN SEMAFÓRICA    <br>       <br>   DIRECCION   CRA. 28 CALLE 34,,,,,-1,0,-1,,
-73.115982,7.11983,INTERSECCIÓN SEMAFÓRICA,INTERSECCIÓN SEMAFÓRICA    <br>       <br>   DIRECCION   CRA. 27 AV. ROSITA,,,,,-1,0,-1,,
-73.115957,7.114731,INTERSECCIÓN SEMAFÓRICA,INTERSECCIÓN SEMAFÓRICA    <br>       <br>   DIRECCION   AV. G. VALENCIA CALLE 50,,,,,-1,0,-1,,
-73.11542,7.117798,INTERSECCIÓN SEMAFÓRICA,INTERSECCIÓN SEMAFÓRICA    <br>       <br>   DIRECCION   CRA. 27 CALLE 45,,,,,-1,0,-1,,
-73.115314,7.121978,INTERSECCIÓN SEMAFÓRICA,INTERSECCIÓN SEMAFÓRICA    <br>       <br>   DIRECCION   CRA. 28 CALLE 36,,,,,-1,0,-1,,
-73.115275,7.11672,INTERSECCIÓN SEMAFÓRICA,INTERSECCIÓN SEMAFÓRICA    <br>       <br>   DIRECCION   CRA. 27 CALLE 48,,,,,-1,0,-1,,
-73.115222,7.125284,INTERSECCIÓN SEMAFÓRICA,INTERSECCIÓN SEMAFÓRICA    <br>       <br>   DIRECCION   CRA. 30 CALLE 33,,,,,-1,0,-1,,
-73.114871,7.113589,INTERSECCIÓN SEMAFÓRICA,INTERSECCIÓN SEMAFÓRICA    <br>       <br>   DIRECCION   CRA. 27 AV. G. VALENCIA,,,,,-1,0,-1,,
-73.114558,7.111309,INTERSECCIÓN SEMAFÓRICA,INTERSECCIÓN SEMAFÓRICA    <br>       <br>   DIRECCION   CRA. 27 CALLE 54,,,,,-1,0,-1,,
-73.11426,7.109046,INTERSECCIÓN SEMAFÓRICA,INTERSECCIÓN SEMAFÓRICA    <br>       <br>   DIRECCION   CRA. 27 CALLE 56,,,,,-1,0,-1,,
-73.113544,7.085344,INTERSECCIÓN SEMAFÓRICA,INTERSECCIÓN SEMAFÓRICA    <br>       <br>   DIRECCION   CRA 23 CALLE 105 (PROVENZA),,,,,-1,0,-1,,
-73.113522,7.112185,INTERSECCIÓN SEMAFÓRICA,INTERSECCIÓN SEMAFÓRICA    <br>       <br>   DIRECCION   AV. G. VALENCIA CALLE 54,,,,,-1,0,-1,,
-73.11337,7.102334,INTERSECCIÓN SEMAFÓRICA,INTERSECCIÓN SEMAFÓRICA    <br>       <br>   DIRECCION   CRA. 27 CALLE 67,,,,,-1,0,-1,,
-73.113364,7.118349,INTERSECCIÓN SEMAFÓRICA,INTERSECCIÓN SEMAFÓRICA    <br>       <br>   DIRECCION   CRA. 28 CALLE 45,,,,,-1,0,-1,,
-73.113228,7.116478,INTERSECCIÓN SEMAFÓRICA,INTERSECCIÓN SEMAFÓRICA    <br>       <br>   DIRECCION   CRA. 28 CALLE 48,,,,,-1,0,-1,,
-73.112965,7.127332,INTERSECCIÓN SEMAFÓRICA,INTERSECCIÓN SEMAFÓRICA    <br>       <br>   DIRECCION   CRA. 33 CALLE 32,,,,,-1,0,-1,,
-73.112761,7.13099,INTERSECCIÓN SEMAFÓRICA,INTERSECCIÓN SEMAFÓRICA    <br>       <br>   DIRECCION   CRA.33A. AV. Q. SECA,,,,,-1,0,-1,,
-73.112597,7.125483,INTERSECCIÓN SEMAFÓRICA,INTERSECCIÓN SEMAFÓRICA    <br>       <br>   DIRECCION   CRA. 33 CALLE 34,,,,,-1,0,-1,,
-73.112356,7.124028,INTERSECCIÓN SEMAFÓRICA,INTERSECCIÓN SEMAFÓRICA    <br>       <br>   DIRECCION   CRA. 33 CALLE 36,,,,,-1,0,-1,,
-73.112209,7.112849,INTERSECCIÓN SEMAFÓRICA,INTERSECCIÓN SEMAFÓRICA    <br>       <br>   DIRECCION   CRA. 31 CALLE 52,,,,,-1,0,-1,,
-73.111825,7.127844,INTERSECCIÓN SEMAFÓRICA,INTERSECCIÓN SEMAFÓRICA    <br>       <br>   DIRECCION   CRA. 33A CALLE 32,,,,,-1,0,-1,,
-73.111833,7.12109,INTERSECCIÓN SEMAFÓRICA,INTERSECCIÓN SEMAFÓRICA    <br>       <br>   DIRECCION   CRA. 33 CALLE 42,,,,,-1,0,-1,,
-73.111452,7.118838,INTERSECCIÓN SEMAFÓRICA,INTERSECCIÓN SEMAFÓRICA    <br>       <br>   DIRECCION   CRA. 33 CALLE 45,,,,,-1,0,-1,,
-73.111147,7.103804,INTERSECCIÓN SEMAFÓRICA,INTERSECCIÓN SEMAFÓRICA    <br>       <br>   DIRECCION   CRA. 30 CALLE 67,,,,,-1,0,-1,,
-73.11104,7.116607,INTERSECCIÓN SEMAFÓRICA,INTERSECCIÓN SEMAFÓRICA    <br>       <br>   DIRECCION   CRA. 33 CALLE 48,,,,,-1,0,-1,,
-73.110972,7.109498,INTERSECCIÓN SEMAFÓRICA,INTERSECCIÓN SEMAFÓRICA    <br>       <br>   DIRECCION   CRA. 32 CALLE 56 (AV. G. VAL.),,,,,-1,0,-1,,
-73.110755,7.107845,INTERSECCIÓN SEMAFÓRICA,INTERSECCIÓN SEMAFÓRICA    <br>       <br>   DIRECCION   AV. G. VALENCIA CALLE 62,,,,,-1,0,-1,,
-73.110634,7.086234,INTERSECCIÓN SEMAFÓRICA,INTERSECCIÓN SEMAFÓRICA    <br>       <br>   DIRECCION   CRA. 25 CALLE 105 (PROVENZA),,,,,-1,0,-1,,
-73.11044,7.113173,INTERSECCIÓN SEMAFÓRICA,INTERSECCIÓN SEMAFÓRICA    <br>       <br>   DIRECCION   CRA. 33 CALLE 52,,,,,-1,0,-1,,
-73.110365,7.125872,INTERSECCIÓN SEMAFÓRICA,INTERSECCIÓN SEMAFÓRICA    <br>       <br>   DIRECCION   CRA. 36 CALLE 34,,,,,-1,0,-1,,
-73.109877,7.11913,INTERSECCIÓN SEMAFÓRICA,INTERSECCIÓN SEMAFÓRICA    <br>       <br>   DIRECCION   CRA. 35A CALLE 45,,,,,-1,0,-1,,
-73.109823,7.109641,INTERSECCIÓN SEMAFÓRICA,INTERSECCIÓN SEMAFÓRICA    <br>       <br>   DIRECCION   CRA. 33 CALLE 56,,,,,-1,0,-1,,
-73.109728,7.122251,INTERSECCIÓN SEMAFÓRICA,INTERSECCIÓN SEMAFÓRICA    <br>       <br>   DIRECCION   CRA. 36 CALLE 41,,,,,-1,0,-1,,
-73.109432,7.107433,INTERSECCIÓN SEMAFÓRICA,INTERSECCIÓN SEMAFÓRICA    <br>       <br>   DIRECCION   CRA. 33 CALLE 63,,,,,-1,0,-1,,
-73.109337,7.116901,INTERSECCIÓN SEMAFÓRICA,INTERSECCIÓN SEMAFÓRICA    <br>       <br>   DIRECCION   CRA. 35A CALLE 48,,,,,-1,0,-1,,
-73.109279,7.113379,INTERSECCIÓN SEMAFÓRICA,INTERSECCIÓN SEMAFÓRICA    <br>       <br>   DIRECCION   CRA. 35 CALLE 52,,,,,-1,0,-1,,
-73.108968,7.114808,INTERSECCIÓN SEMAFÓRICA,INTERSECCIÓN SEMAFÓRICA    <br>       <br>   DIRECCION   CRA. 35A. CALLE 51,,,,,-1,0,-1,,
-73.107583,7.110351,INTERSECCIÓN SEMAFÓRICA,INTERSECCIÓN SEMAFÓRICA    <br>       <br>   DIRECCION   CRA. 36 CALLE 56,,,,,-1,0,-1,,
-73.10238,7.096442,INTERSECCIÓN SEMAFÓRICA,INTERSECCIÓN SEMAFÓRICA    <br>       <br>   DIRECCION   TRANSV. ORIENTAL S. BARBARA,,,,,-1,0,-1,,
-73.114445,7.129968,INTERSECCIÓN SEMAFÓRICA,INTERSECCIÓN SEMAFÓRICA    <br>       <br>   DIRECCION   CRA.33  AV. Q. SECA,,,,,-1,0,-1,,
-73.130976,7.135198,INTERSECCIÓN SEMAFÓRICA,INTERSECCIÓN SEMAFÓRICA    <br>       <br>   DIRECCION   CRA. 15 CALLE 11,,,,,-1,0,-1,,
-73.130428,7.132242,INTERSECCIÓN SEMAFÓRICA,INTERSECCIÓN SEMAFÓRICA    <br>       <br>   DIRECCION   CRA. 15 CALLE 15,,,,,-1,0,-1,,
-73.127869,7.116952,INTERSECCIÓN SEMAFÓRICA,INTERSECCIÓN SEMAFÓRICA    <br>       <br>   DIRECCION   CRA. 13 CALLE  37,,,,,-1,0,-1,,
-73.127075,7.117092,INTERSECCIÓN SEMAFÓRICA,INTERSECCIÓN SEMAFÓRICA    <br>       <br>   DIRECCION   CRA. 14 CALLE 37,,,,,-1,0,-1,,
-73.118197,7.120766,INTERSECCIÓN SEMAFÓRICA,INTERSECCIÓN SEMAFÓRICA    <br>       <br>   DIRECCION   CRA. 25 CALLE 36,,,,,-1,0,-1,,
-73.11989,7.120168,INTERSECCIÓN SEMAFÓRICA,INTERSECCIÓN SEMAFÓRICA    <br>       <br>   DIRECCION   CRA. 23 CALLE 36,,,,,-1,0,-1,,
-73.129186,7.125917,INTERSECCIÓN SEMAFÓRICA,INTERSECCIÓN SEMAFÓRICA    <br>       <br>   DIRECCION   CRA. 15 CALLE 22,,,,,-1,0,-1,,
-73.121924,7.113444,INTERSECCIÓN SEMAFÓRICA,INTERSECCIÓN SEMAFÓRICA    <br>       <br>   DIRECCION   CRA. 17 AV. ROSITA,,,,,-1,0,-1,,
-73.124508,7.117708,INTERSECCIÓN SEMAFÓRICA,INTERSECCIÓN SEMAFÓRICA    <br>       <br>   DIRECCION   CRA. 17 CALLES 37,,,,,-1,0,-1,,
-73.122106,7.123689,INTERSECCIÓN SEMAFÓRICA,INTERSECCIÓN SEMAFÓRICA    <br>       <br>   DIRECCION   CRA. 22 CALLE 31,,,,,-1,0,-1,,
-73.124528,7.120248,INTERSECCIÓN SEMAFÓRICA,INTERSECCIÓN SEMAFÓRICA    <br>       <br>   DIRECCION   CRA. 18 CALLE 34,,,,,-1,0,-1,,
-73.12331,7.119763,INTERSECCIÓN SEMAFÓRICA,INTERSECCIÓN SEMAFÓRICA    <br>       <br>   DIRECCION   CRA. 19 CALLE 35,,,,,-1,0,-1,,
-73.125166,7.119065,INTERSECCIÓN SEMAFÓRICA,INTERSECCIÓN SEMAFÓRICA    <br>       <br>   DIRECCION   CRA. 17 CALLE 35,,,,,-1,0,-1,,
-73.123921,7.123655,INTERSECCIÓN SEMAFÓRICA,INTERSECCIÓN SEMAFÓRICA    <br>       <br>   DIRECCION   CRA. 20  AV. Q. SECA,,,,,-1,0,-1,,
-73.123985,7.121479,INTERSECCIÓN SEMAFÓRICA,INTERSECCIÓN SEMAFÓRICA    <br>       <br>   DIRECCION   CRA. 19 CALLE 33,,,,,-1,0,-1,,
-73.122767,7.118303,INTERSECCIÓN SEMAFÓRICA,INTERSECCIÓN SEMAFÓRICA    <br>       <br>   DIRECCION   CRA. 19 CALLE 37,,,,,-1,0,-1,,
-73.122511,7.122039,INTERSECCIÓN SEMAFÓRICA,INTERSECCIÓN SEMAFÓRICA    <br>       <br>   DIRECCION   CRA. 21 CALLE 33,,,,,-1,0,-1,,
-73.121814,7.120339,INTERSECCIÓN SEMAFÓRICA,INTERSECCIÓN SEMAFÓRICA    <br>       <br>   DIRECCION   CRA. 21 CALLE 35,,,,,-1,0,-1,,
-73.121206,7.118861,INTERSECCIÓN SEMAFÓRICA,INTERSECCIÓN SEMAFÓRICA    <br>       <br>   DIRECCION   CRA. 21 CALLE 37,,,,,-1,0,-1,,
-73.118911,7.116033,INTERSECCIÓN SEMAFÓRICA,INTERSECCIÓN SEMAFÓRICA    <br>       <br>   DIRECCION   CRA. 22 AV. ROSITA,,,,,-1,0,-1,,
-73.122566,7.124873,INTERSECCIÓN SEMAFÓRICA,INTERSECCIÓN SEMAFÓRICA    <br>       <br>   DIRECCION   CRA. 22  AV. Q. SECA,,,,,-1,0,-1,,
-73.117826,7.108166,INTERSECCIÓN SEMAFÓRICA,INTERSECCIÓN SEMAFÓRICA    <br>       <br>   DIRECCION   CRA. 17C CALLE 56,,,,,-1,0,-1,,
-73.121273,7.121453,INTERSECCIÓN SEMAFÓRICA,INTERSECCIÓN SEMAFÓRICA    <br>       <br>   DIRECCION   CRA. 22 CALLE 34,,,,,-1,0,-1,,
-73.121602,7.122405,INTERSECCIÓN SEMAFÓRICA,INTERSECCIÓN SEMAFÓRICA    <br>       <br>   DIRECCION   CRA. 22 CALLE 33,,,,,-1,0,-1,,
-73.120341,7.119144,INTERSECCIÓN SEMAFÓRICA,INTERSECCIÓN SEMAFÓRICA    <br>       <br>   DIRECCION   CRA. 22 CALLE 37,,,,,-1,0,-1,,
-73.117954,7.124749,INTERSECCIÓN SEMAFÓRICA,INTERSECCIÓN SEMAFÓRICA    <br>       <br>   DIRECCION   CRA. 27 CALLE 32,,,,,-1,0,-1,,
-73.115574,7.118785,INTERSECCIÓN SEMAFÓRICA,INTERSECCIÓN SEMAFÓRICA    <br>       <br>   DIRECCION   CRA. 27 CALLE 41,,,,,-1,0,-1,,
-73.11311,7.109218,INTERSECCIÓN SEMAFÓRICA,INTERSECCIÓN SEMAFÓRICA    <br>       <br>   DIRECCION   CRA. 28 CALLE 56,,,,,-1,0,-1,,
-73.111977,7.121846,INTERSECCIÓN SEMAFÓRICA,INTERSECCIÓN SEMAFÓRICA    <br>       <br>   DIRECCION   CRA. 33 CALLE 41,,,,,-1,0,-1,,
-73.110648,7.114342,INTERSECCIÓN SEMAFÓRICA,INTERSECCIÓN SEMAFÓRICA    <br>       <br>   DIRECCION   CRA. 33 CALLE 51,,,,,-1,0,-1,,
-73.120256,7.117224,INTERSECCIÓN SEMAFÓRICA,INTERSECCIÓN SEMAFÓRICA    <br>       <br>   DIRECCION   CRA. 21 CALLE 41,,,,,-1,0,-1,,
-73.117838,7.1136,INTERSECCIÓN SEMAFÓRICA,INTERSECCIÓN SEMAFÓRICA    <br>       <br>   DIRECCION   CRA. 22 CALLE 50,,,,,-1,0,-1,,
-73.120955,7.106517,INTERSECCIÓN SEMAFÓRICA,INTERSECCIÓN SEMAFÓRICA    <br>       <br>   DIRECCION   CRA.15 CALLE 56,,,,,-1,0,-1,,
-73.115694,7.108875,INTERSECCIÓN SEMAFÓRICA,INTERSECCIÓN SEMAFÓRICA    <br>       <br>   DIRECCION   CRA. 22 CALLE 56,,,,,-1,0,-1,,
-73.108787,7.116987,INTERSECCIÓN SEMAFÓRICA,INTERSECCIÓN SEMAFÓRICA    <br>       <br>   DIRECCION   CRA. 36 CALLE 48,,,,,-1,0,-1,,
-73.109185,7.119237,INTERSECCIÓN SEMAFÓRICA,INTERSECCIÓN SEMAFÓRICA    <br>       <br>   DIRECCION   CRA. 36 CALLE 45,,,,,-1,0,-1,,
-73.114143,7.116595,INTERSECCIÓN SEMAFÓRICA,INTERSECCIÓN SEMAFÓRICA    <br>       <br>   DIRECCION   CRA. 27A CALLE 48,,,,,-1,0,-1,,
-73.112155,7.116375,INTERSECCIÓN SEMAFÓRICA,INTERSECCIÓN SEMAFÓRICA    <br>       <br>   DIRECCION   CRA. 29 CALLE 48,,,,,-1,0,-1,,
-73.108725,7.113479,INTERSECCIÓN SEMAFÓRICA,INTERSECCIÓN SEMAFÓRICA    <br>       <br>   DIRECCION   CRA. 35A CALLE 52,,,,,-1,0,-1,,
-73.108172,7.113567,INTERSECCIÓN SEMAFÓRICA,INTERSECCIÓN SEMAFÓRICA    <br>       <br>   DIRECCION   CRA. 36 CALLE 52,,,,,-1,0,-1,,
-73.118251,7.104414,INTERSECCIÓN SEMAFÓRICA,INTERSECCIÓN SEMAFÓRICA    <br>       <br>   DIRECCION   CRA. 17 CALLE 61,,,,,-1,0,-1,,
-73.116687,7.105103,INTERSECCIÓN SEMAFÓRICA,INTERSECCIÓN SEMAFÓRICA    <br>       <br>   DIRECCION   CRA. 17C CALLE 61,,,,,-1,0,-1,,
-73.120308,7.109365,INTERSECCIÓN SEMAFÓRICA,INTERSECCIÓN SEMAFÓRICA    <br>       <br>   DIRECCION   CRA. 17 CALLE 53,,,,,-1,0,-1,,
-73.122269,7.115636,INTERSECCIÓN SEMAFÓRICA,INTERSECCIÓN SEMAFÓRICA    <br>       <br>   DIRECCION   CRA. 18 CALLE 45,,,,,-1,0,-1,,
-73.131342,7.116892,INTERSECCIÓN SEMAFÓRICA,INTERSECCIÓN SEMAFÓRICA    <br>       <br>   DIRECCION   CRA. 9 CALLE 35,,,,,-1,0,-1,,
-73.130339,7.121541,INTERSECCIÓN SEMAFÓRICA,INTERSECCIÓN SEMAFÓRICA    <br>       <br>   DIRECCION   CRA. 12 AV. Q. SECA,,,,,-1,0,-1,,
-73.11921,7.116653,INTERSECCIÓN SEMAFÓRICA,INTERSECCIÓN SEMAFÓRICA    <br>       <br>   DIRECCION   CRA. 22 CALLE 45,,,,,-1,0,-1,,
-73.109537,7.108005,INTERSECCIÓN SEMAFÓRICA,INTERSECCIÓN SEMAFÓRICA    <br>       <br>   DIRECCION   CRA. 33 CALLE 62,,,,,-1,0,-1,,
-73.112828,7.111452,INTERSECCIÓN SEMAFÓRICA,INTERSECCIÓN SEMAFÓRICA    <br>       <br>   DIRECCION   AV. G. VALENCIA CALLE 55,,,,,-1,0,-1,,
-73.115625,7.12602,INTERSECCIÓN SEMAFÓRICA,INTERSECCIÓN SEMAFÓRICA    <br>       <br>   DIRECCION   CRA. 30 CALLE 32,,,,,-1,0,-1,,
-73.114674,7.124314,INTERSECCIÓN SEMAFÓRICA,INTERSECCIÓN SEMAFÓRICA    <br>       <br>   DIRECCION   CRA. 30 CALLE 34,,,,,-1,0,-1,,
-73.11426,7.118111,INTERSECCIÓN SEMAFÓRICA,INTERSECCIÓN SEMAFÓRICA    <br>       <br>   DIRECCION   CRA. 27A CALLE 45,,,,,-1,0,-1,,
-73.112427,7.118586,INTERSECCIÓN SEMAFÓRICA,INTERSECCIÓN SEMAFÓRICA    <br>       <br>   DIRECCION   CRA. 29 CALLE 45,,,,,-1,0,-1,,
-73.110682,7.107297,INTERSECCIÓN SEMAFÓRICA,INTERSECCIÓN SEMAFÓRICA    <br>       <br>   DIRECCION   AV. G. VALENCIA CALLE 63,,,,,-1,0,-1,,
-73.108418,7.114899,INTERSECCIÓN SEMAFÓRICA,INTERSECCIÓN SEMAFÓRICA    <br>       <br>   DIRECCION   CRA. 36 CALLE 51,,,,,-1,0,-1,,
-73.109531,7.126011,INTERSECCIÓN SEMAFÓRICA,INTERSECCIÓN SEMAFÓRICA    <br>       <br>   DIRECCION   CRA. 38 CALLE 34,,,,,-1,0,-1,,
-73.109594,7.12148,INTERSECCIÓN SEMAFÓRICA,INTERSECCIÓN SEMAFÓRICA    <br>       <br>   DIRECCION   CRA. 36 CALLE 42,,,,,-1,0,-1,,
-73.110272,7.121355,INTERSECCIÓN SEMAFÓRICA,INTERSECCIÓN SEMAFÓRICA    <br>       <br>   DIRECCION   CRA. 35 CALLE 42,,,,,-1,0,-1,,
-73.110405,7.122129,INTERSECCIÓN SEMAFÓRICA,INTERSECCIÓN SEMAFÓRICA    <br>       <br>   DIRECCION   CRA. 35 CALLE 41,,,,,-1,0,-1,,
-73.115418,7.085363,INTERSECCIÓN SEMAFÓRICA,INTERSECCIÓN SEMAFÓRICA    <br>       <br>   DIRECCION   CRA 22 CALLE 105 (PROVENZA),,,,,-1,0,-1,,
-73.120058,7.133065,INTERSECCIÓN SEMAFÓRICA,INTERSECCIÓN SEMAFÓRICA    <br>       <br>   DIRECCION   CRA. 27 CALLE 16,,,,,-1,0,-1,,
