X,Y,Name,description,timestamp,begin,end,altitudeMode,tessellate,extrude,visibility,drawOrder,icon
-73.12469,7.09953,SEMAFORO,SEMAFORO    <br>       <br>   INTERSECCION   CRA. 5 CALLE 64,,,,,-1,0,-1,,
-73.124632,7.099408,SEMAFORO,SEMAFORO    <br>       <br>   INTERSECCION   CRA. 5 CALLE 64,,,,,-1,0,-1,,
-73.124531,7.099343,SEMAFORO,SEMAFORO    <br>       <br>   INTERSECCION   CRA. 5 CALLE 64,,,,,-1,0,-1,,
-73.124516,7.099604,SEMAFORO,SEMAFORO    <br>       <br>   INTERSECCION   CRA. 5 CALLE 64,,,,,-1,0,-1,,
-73.122439,7.100795,SEMAFORO,SEMAFORO    <br>       <br>   INTERSECCION   CRA. 8 CALLE 64,,,,,-1,0,-1,,
-73.122511,7.100847,SEMAFORO,SEMAFORO    <br>       <br>   INTERSECCION   CRA. 8 CALLE 64,,,,,-1,0,-1,,
-73.122626,7.100812,SEMAFORO,SEMAFORO    <br>       <br>   INTERSECCION   CRA. 8 CALLE 64,,,,,-1,0,-1,,
-73.12251,7.100634,SEMAFORO,SEMAFORO    <br>       <br>   INTERSECCION   CRA. 8 CALLE 64,,,,,-1,0,-1,,
-73.122577,7.100695,SEMAFORO,SEMAFORO    <br>       <br>   INTERSECCION   CRA. 8 CALLE 64,,,,,-1,0,-1,,
-73.1224,7.100692,SEMAFORO,SEMAFORO    <br>       <br>   INTERSECCION   CRA. 8 CALLE 64,,,,,-1,0,-1,,
-73.120335,7.102873,SEMAFORO,SEMAFORO    <br>       <br>   INTERSECCION   AV. LOS BUCAROS CALLE 64,,,,,-1,0,-1,,
-73.120303,7.102943,SEMAFORO,SEMAFORO    <br>       <br>   INTERSECCION   AV. LOS BUCAROS CALLE 64,,,,,-1,0,-1,,
-73.120129,7.103016,SEMAFORO,SEMAFORO    <br>       <br>   INTERSECCION   AV. LOS BUCAROS CALLE 64,,,,,-1,0,-1,,
-73.120193,7.103053,SEMAFORO,SEMAFORO    <br>       <br>   INTERSECCION   AV. LOS BUCAROS CALLE 64,,,,,-1,0,-1,,
-73.120254,7.102825,SEMAFORO,SEMAFORO    <br>       <br>   INTERSECCION   AV. LOS BUCAROS CALLE 64,,,,,-1,0,-1,,
-73.12014,7.102769,SEMAFORO,SEMAFORO    <br>       <br>   INTERSECCION   AV. LOS BUCAROS CALLE 64,,,,,-1,0,-1,,
-73.118184,7.104428,SEMAFORO,SEMAFORO    <br>       <br>   INTERSECCION   CRA. 17 CALLE 61,,,,,-1,0,-1,,
-73.118348,7.104366,SEMAFORO,SEMAFORO    <br>       <br>   INTERSECCION   CRA. 17 CALLE 61,,,,,-1,0,-1,,
-73.116729,7.105002,SEMAFORO,SEMAFORO    <br>       <br>   INTERSECCION   CRA. 17C CALLE 61,,,,,-1,0,-1,,
-73.116787,7.105165,SEMAFORO,SEMAFORO    <br>       <br>   INTERSECCION   CRA. 17C CALLE 61,,,,,-1,0,-1,,
-73.116675,7.105209,SEMAFORO,SEMAFORO    <br>       <br>   INTERSECCION   CRA. 17C CALLE 61,,,,,-1,0,-1,,
-73.116652,7.105184,SEMAFORO,SEMAFORO    <br>       <br>   INTERSECCION   CRA. 17C CALLE 61,,,,,-1,0,-1,,
-73.115492,7.085376,SEMAFORO,SEMAFORO    <br>       <br>   INTERSECCION   CRA 22 CALLE 105 (PROVENZA),,,,,-1,0,-1,,
-73.115362,7.085363,SEMAFORO,SEMAFORO    <br>       <br>   INTERSECCION   CRA 22 CALLE 105 (PROVENZA),,,,,-1,0,-1,,
-73.115453,7.085266,SEMAFORO,SEMAFORO    <br>       <br>   INTERSECCION   CRA 22 CALLE 105 (PROVENZA),,,,,-1,0,-1,,
-73.115374,7.085262,SEMAFORO,SEMAFORO    <br>       <br>   INTERSECCION   CRA 22 CALLE 105 (PROVENZA),,,,,-1,0,-1,,
-73.115348,7.085448,SEMAFORO,SEMAFORO    <br>       <br>   INTERSECCION   CRA 22 CALLE 105 (PROVENZA),,,,,-1,0,-1,,
-73.115473,7.085279,SEMAFORO,SEMAFORO    <br>       <br>   INTERSECCION   CRA 22 CALLE 105 (PROVENZA),,,,,-1,0,-1,,
-73.113596,7.085433,SEMAFORO,SEMAFORO    <br>       <br>   INTERSECCION   CRA 23 CALLE 105 (PROVENZA),,,,,-1,0,-1,,
-73.1136,7.085332,SEMAFORO,SEMAFORO    <br>       <br>   INTERSECCION   CRA 23 CALLE 105 (PROVENZA),,,,,-1,0,-1,,
-73.113614,7.085252,SEMAFORO,SEMAFORO    <br>       <br>   INTERSECCION   CRA 23 CALLE 105 (PROVENZA),,,,,-1,0,-1,,
-73.113488,7.085421,SEMAFORO,SEMAFORO    <br>       <br>   INTERSECCION   CRA 23 CALLE 105 (PROVENZA),,,,,-1,0,-1,,
-73.11348,7.085324,SEMAFORO,SEMAFORO    <br>       <br>   INTERSECCION   CRA 23 CALLE 105 (PROVENZA),,,,,-1,0,-1,,
-73.113514,7.085431,SEMAFORO,SEMAFORO    <br>       <br>   INTERSECCION   CRA 23 CALLE 105 (PROVENZA),,,,,-1,0,-1,,
-73.110707,7.086179,SEMAFORO,SEMAFORO    <br>       <br>   INTERSECCION   CRA. 25 CALLE 105 (PROVENZA),,,,,-1,0,-1,,
-73.110626,7.086114,SEMAFORO,SEMAFORO    <br>       <br>   INTERSECCION   CRA. 25 CALLE 105 (PROVENZA),,,,,-1,0,-1,,
-73.110581,7.086274,SEMAFORO,SEMAFORO    <br>       <br>   INTERSECCION   CRA. 25 CALLE 105 (PROVENZA),,,,,-1,0,-1,,
-73.110536,7.086165,SEMAFORO,SEMAFORO    <br>       <br>   INTERSECCION   CRA. 25 CALLE 105 (PROVENZA),,,,,-1,0,-1,,
-73.110658,7.086334,SEMAFORO,SEMAFORO    <br>       <br>   INTERSECCION   CRA. 25 CALLE 105 (PROVENZA),,,,,-1,0,-1,,
-73.120956,7.083006,SEMAFORO,SEMAFORO    <br>       <br>   INTERSECCION   CRA. 16 CALLE 105 (PROVENZA),,,,,-1,0,-1,,
-73.120715,7.083133,SEMAFORO,SEMAFORO    <br>       <br>   INTERSECCION   CRA. 16 CALLE 105 (PROVENZA),,,,,-1,0,-1,,
-73.120767,7.083209,SEMAFORO,SEMAFORO    <br>       <br>   INTERSECCION   CRA. 16 CALLE 105 (PROVENZA),,,,,-1,0,-1,,
-73.120893,7.083172,SEMAFORO,SEMAFORO    <br>       <br>   INTERSECCION   CRA. 16 CALLE 105 (PROVENZA),,,,,-1,0,-1,,
-73.121,7.08312,SEMAFORO,SEMAFORO    <br>       <br>   INTERSECCION   CRA. 16 CALLE 105 (PROVENZA),,,,,-1,0,-1,,
-73.120915,7.08294,SEMAFORO,SEMAFORO    <br>       <br>   INTERSECCION   CRA. 16 CALLE 105 (PROVENZA),,,,,-1,0,-1,,
-73.120177,7.093923,SEMAFORO,SEMAFORO    <br>       <br>   INTERSECCION   AUTOPISTA GIRON BARRIO SAN LUIS,,,,,-1,0,-1,,
-73.107695,7.109964,SEMAFORO,SEMAFORO    <br>       <br>   INTERSECCION   CRA. 36 CALLE 56,,,,,-1,0,-1,,
-73.107652,7.109948,SEMAFORO,SEMAFORO    <br>       <br>   INTERSECCION   CRA. 36 CALLE 56,,,,,-1,0,-1,,
-73.107564,7.110007,SEMAFORO,SEMAFORO    <br>       <br>   INTERSECCION   CRA. 36 CALLE 56,,,,,-1,0,-1,,
-73.107551,7.11058,SEMAFORO,SEMAFORO    <br>       <br>   INTERSECCION   CRA. 36 CALLE 56,,,,,-1,0,-1,,
-73.10921,7.113342,SEMAFORO,SEMAFORO    <br>       <br>   INTERSECCION   CRA. 35 CALLE 52,,,,,-1,0,-1,,
-73.109237,7.11342,SEMAFORO,SEMAFORO    <br>       <br>   INTERSECCION   CRA. 35 CALLE 52,,,,,-1,0,-1,,
-73.109331,7.113431,SEMAFORO,SEMAFORO    <br>       <br>   INTERSECCION   CRA. 35 CALLE 52,,,,,-1,0,-1,,
-73.109262,7.113445,SEMAFORO,SEMAFORO    <br>       <br>   INTERSECCION   CRA. 35 CALLE 52,,,,,-1,0,-1,,
-73.12,7.093943,SEMAFORO,SEMAFORO    <br>       <br>   INTERSECCION   AUTOPISTA GIRON BARRIO SAN LUIS,,,,,-1,0,-1,,
-73.120032,7.093933,SEMAFORO,SEMAFORO    <br>       <br>   INTERSECCION   AUTOPISTA GIRON BARRIO SAN LUIS,,,,,-1,0,-1,,
-73.120102,7.093897,SEMAFORO,SEMAFORO    <br>       <br>   INTERSECCION   AUTOPISTA GIRON BARRIO SAN LUIS,,,,,-1,0,-1,,
-73.120122,7.093887,SEMAFORO,SEMAFORO    <br>       <br>   INTERSECCION   AUTOPISTA GIRON BARRIO SAN LUIS,,,,,-1,0,-1,,
-73.120105,7.094087,SEMAFORO,SEMAFORO    <br>       <br>   INTERSECCION   AUTOPISTA GIRON BARRIO SAN LUIS,,,,,-1,0,-1,,
-73.120062,7.094005,SEMAFORO,SEMAFORO    <br>       <br>   INTERSECCION   AUTOPISTA GIRON BARRIO SAN LUIS,,,,,-1,0,-1,,
-73.113403,7.10246,SEMAFORO,SEMAFORO    <br>       <br>   INTERSECCION   CRA. 27 CALLE 67,,,,,-1,0,-1,,
-73.11351,7.102345,SEMAFORO,SEMAFORO    <br>       <br>   INTERSECCION   CRA. 27 CALLE 67,,,,,-1,0,-1,,
-73.113278,7.102399,SEMAFORO,SEMAFORO    <br>       <br>   INTERSECCION   CRA. 27 CALLE 67,,,,,-1,0,-1,,
-73.11331,7.102298,SEMAFORO,SEMAFORO    <br>       <br>   INTERSECCION   CRA. 27 CALLE 67,,,,,-1,0,-1,,
-73.113484,7.102151,SEMAFORO,SEMAFORO    <br>       <br>   INTERSECCION   CRA. 27 CALLE 67,,,,,-1,0,-1,,
-73.109443,7.107498,SEMAFORO,SEMAFORO    <br>       <br>   INTERSECCION   CRA. 33 CALLE 63,,,,,-1,0,-1,,
-73.109551,7.10748,SEMAFORO,SEMAFORO    <br>       <br>   INTERSECCION   CRA. 33 CALLE 63,,,,,-1,0,-1,,
-73.109566,7.107459,SEMAFORO,SEMAFORO    <br>       <br>   INTERSECCION   CRA. 33 CALLE 63,,,,,-1,0,-1,,
-73.109559,7.10736,SEMAFORO,SEMAFORO    <br>       <br>   INTERSECCION   CRA. 33 CALLE 63,,,,,-1,0,-1,,
-73.109651,7.108031,SEMAFORO,SEMAFORO    <br>       <br>   INTERSECCION   CRA. 33 CALLE 62,,,,,-1,0,-1,,
-73.109544,7.108056,SEMAFORO,SEMAFORO    <br>       <br>   INTERSECCION   CRA. 33 CALLE 62,,,,,-1,0,-1,,
-73.109514,7.107904,SEMAFORO,SEMAFORO    <br>       <br>   INTERSECCION   CRA. 33 CALLE 62,,,,,-1,0,-1,,
-73.109936,7.109554,SEMAFORO,SEMAFORO    <br>       <br>   INTERSECCION   CRA. 33 CALLE 56,,,,,-1,0,-1,,
-73.109806,7.109549,SEMAFORO,SEMAFORO    <br>       <br>   INTERSECCION   CRA. 33 CALLE 56,,,,,-1,0,-1,,
-73.109703,7.109569,SEMAFORO,SEMAFORO    <br>       <br>   INTERSECCION   CRA. 33 CALLE 56,,,,,-1,0,-1,,
-73.109705,7.10967,SEMAFORO,SEMAFORO    <br>       <br>   INTERSECCION   CRA. 33 CALLE 56,,,,,-1,0,-1,,
-73.109716,7.10973,SEMAFORO,SEMAFORO    <br>       <br>   INTERSECCION   CRA. 33 CALLE 56,,,,,-1,0,-1,,
-73.109952,7.109633,SEMAFORO,SEMAFORO    <br>       <br>   INTERSECCION   CRA. 33 CALLE 56,,,,,-1,0,-1,,
-73.109927,7.109738,SEMAFORO,SEMAFORO    <br>       <br>   INTERSECCION   CRA. 33 CALLE 56,,,,,-1,0,-1,,
-73.10984,7.109745,SEMAFORO,SEMAFORO    <br>       <br>   INTERSECCION   CRA. 33 CALLE 56,,,,,-1,0,-1,,
-73.110456,7.113232,SEMAFORO,SEMAFORO    <br>       <br>   INTERSECCION   CRA. 33 CALLE 52,,,,,-1,0,-1,,
-73.110529,7.113219,SEMAFORO,SEMAFORO    <br>       <br>   INTERSECCION   CRA. 33 CALLE 52,,,,,-1,0,-1,,
-73.110326,7.113222,SEMAFORO,SEMAFORO    <br>       <br>   INTERSECCION   CRA. 33 CALLE 52,,,,,-1,0,-1,,
-73.110316,7.113144,SEMAFORO,SEMAFORO    <br>       <br>   INTERSECCION   CRA. 33 CALLE 52,,,,,-1,0,-1,,
-73.11036,7.113092,SEMAFORO,SEMAFORO    <br>       <br>   INTERSECCION   CRA. 33 CALLE 52,,,,,-1,0,-1,,
-73.11043,7.113073,SEMAFORO,SEMAFORO    <br>       <br>   INTERSECCION   CRA. 33 CALLE 52,,,,,-1,0,-1,,
-73.110673,7.114463,SEMAFORO,SEMAFORO    <br>       <br>   INTERSECCION   CRA. 33 CALLE 51,,,,,-1,0,-1,,
-73.110751,7.11445,SEMAFORO,SEMAFORO    <br>       <br>   INTERSECCION   CRA. 33 CALLE 51,,,,,-1,0,-1,,
-73.110759,7.114277,SEMAFORO,SEMAFORO    <br>       <br>   INTERSECCION   CRA. 33 CALLE 51,,,,,-1,0,-1,,
-73.110735,7.1142,SEMAFORO,SEMAFORO    <br>       <br>   INTERSECCION   CRA. 33 CALLE 51,,,,,-1,0,-1,,
-73.110632,7.114231,SEMAFORO,SEMAFORO    <br>       <br>   INTERSECCION   CRA. 33 CALLE 51,,,,,-1,0,-1,,
-73.110561,7.114247,SEMAFORO,SEMAFORO    <br>       <br>   INTERSECCION   CRA. 33 CALLE 51,,,,,-1,0,-1,,
-73.111063,7.116674,SEMAFORO,SEMAFORO    <br>       <br>   INTERSECCION   CRA. 33 CALLE 48,,,,,-1,0,-1,,
-73.111138,7.116662,SEMAFORO,SEMAFORO    <br>       <br>   INTERSECCION   CRA. 33 CALLE 48,,,,,-1,0,-1,,
-73.111167,7.116608,SEMAFORO,SEMAFORO    <br>       <br>   INTERSECCION   CRA. 33 CALLE 48,,,,,-1,0,-1,,
-73.111151,7.116528,SEMAFORO,SEMAFORO    <br>       <br>   INTERSECCION   CRA. 33 CALLE 48,,,,,-1,0,-1,,
-73.11097,7.116525,SEMAFORO,SEMAFORO    <br>       <br>   INTERSECCION   CRA. 33 CALLE 48,,,,,-1,0,-1,,
-73.111037,7.116512,SEMAFORO,SEMAFORO    <br>       <br>   INTERSECCION   CRA. 33 CALLE 48,,,,,-1,0,-1,,
-73.111333,7.118824,SEMAFORO,SEMAFORO    <br>       <br>   INTERSECCION   CRA. 33 CALLE 45,,,,,-1,0,-1,,
-73.111336,7.118902,SEMAFORO,SEMAFORO    <br>       <br>   INTERSECCION   CRA. 33 CALLE 45,,,,,-1,0,-1,,
-73.111378,7.118918,SEMAFORO,SEMAFORO    <br>       <br>   INTERSECCION   CRA. 33 CALLE 45,,,,,-1,0,-1,,
-73.111461,7.118904,SEMAFORO,SEMAFORO    <br>       <br>   INTERSECCION   CRA. 33 CALLE 45,,,,,-1,0,-1,,
-73.111363,7.118785,SEMAFORO,SEMAFORO    <br>       <br>   INTERSECCION   CRA. 33 CALLE 45,,,,,-1,0,-1,,
-73.111437,7.118768,SEMAFORO,SEMAFORO    <br>       <br>   INTERSECCION   CRA. 33 CALLE 45,,,,,-1,0,-1,,
-73.111526,7.118906,SEMAFORO,SEMAFORO    <br>       <br>   INTERSECCION   CRA. 33 CALLE 45,,,,,-1,0,-1,,
-73.11195,7.121004,SEMAFORO,SEMAFORO    <br>       <br>   INTERSECCION   CRA. 33 CALLE 42,,,,,-1,0,-1,,
-73.111969,7.121088,SEMAFORO,SEMAFORO    <br>       <br>   INTERSECCION   CRA. 33 CALLE 42,,,,,-1,0,-1,,
-73.111918,7.121153,SEMAFORO,SEMAFORO    <br>       <br>   INTERSECCION   CRA. 33 CALLE 42,,,,,-1,0,-1,,
-73.111854,7.12117,SEMAFORO,SEMAFORO    <br>       <br>   INTERSECCION   CRA. 33 CALLE 42,,,,,-1,0,-1,,
-73.111752,7.120987,SEMAFORO,SEMAFORO    <br>       <br>   INTERSECCION   CRA. 33 CALLE 42,,,,,-1,0,-1,,
-73.111813,7.120973,SEMAFORO,SEMAFORO    <br>       <br>   INTERSECCION   CRA. 33 CALLE 42,,,,,-1,0,-1,,
-73.112376,7.124104,SEMAFORO,SEMAFORO    <br>       <br>   INTERSECCION   CRA. 33 CALLE 36,,,,,-1,0,-1,,
-73.112444,7.124089,SEMAFORO,SEMAFORO    <br>       <br>   INTERSECCION   CRA. 33 CALLE 36,,,,,-1,0,-1,,
-73.112475,7.123939,SEMAFORO,SEMAFORO    <br>       <br>   INTERSECCION   CRA. 33 CALLE 36,,,,,-1,0,-1,,
-73.112447,7.123874,SEMAFORO,SEMAFORO    <br>       <br>   INTERSECCION   CRA. 33 CALLE 36,,,,,-1,0,-1,,
-73.112344,7.123914,SEMAFORO,SEMAFORO    <br>       <br>   INTERSECCION   CRA. 33 CALLE 36,,,,,-1,0,-1,,
-73.112275,7.123936,SEMAFORO,SEMAFORO    <br>       <br>   INTERSECCION   CRA. 33 CALLE 36,,,,,-1,0,-1,,
-73.112601,7.125766,SEMAFORO,SEMAFORO    <br>       <br>   INTERSECCION   CRA. 33 CALLE 34,,,,,-1,0,-1,,
-73.112573,7.12563,SEMAFORO,SEMAFORO    <br>       <br>   INTERSECCION   CRA. 33 CALLE 34,,,,,-1,0,-1,,
-73.112447,7.125531,SEMAFORO,SEMAFORO    <br>       <br>   INTERSECCION   CRA. 33 CALLE 34,,,,,-1,0,-1,,
-73.112651,7.125639,SEMAFORO,SEMAFORO    <br>       <br>   INTERSECCION   CRA. 33 CALLE 34,,,,,-1,0,-1,,
-73.112442,7.125456,SEMAFORO,SEMAFORO    <br>       <br>   INTERSECCION   CRA. 33 CALLE 34,,,,,-1,0,-1,,
-73.112599,7.125357,SEMAFORO,SEMAFORO    <br>       <br>   INTERSECCION   CRA. 33 CALLE 34,,,,,-1,0,-1,,
-73.112531,7.125369,SEMAFORO,SEMAFORO    <br>       <br>   INTERSECCION   CRA. 33 CALLE 34,,,,,-1,0,-1,,
-73.112709,7.125576,SEMAFORO,SEMAFORO    <br>       <br>   INTERSECCION   CRA. 33 CALLE 34,,,,,-1,0,-1,,
-73.129834,7.11304,SEMAFORO,SEMAFORO    <br>       <br>   INTERSECCION   CRA. 9 CALLE 44,,,,,-1,0,-1,,
-73.129906,7.113018,SEMAFORO,SEMAFORO    <br>       <br>   INTERSECCION   CRA. 9 CALLE 44,,,,,-1,0,-1,,
-73.129963,7.113176,SEMAFORO,SEMAFORO    <br>       <br>   INTERSECCION   CRA. 9 CALLE 44,,,,,-1,0,-1,,
-73.130036,7.113152,SEMAFORO,SEMAFORO    <br>       <br>   INTERSECCION   CRA. 9 CALLE 44,,,,,-1,0,-1,,
-73.130001,7.113036,SEMAFORO,SEMAFORO    <br>       <br>   INTERSECCION   CRA. 9 CALLE 44,,,,,-1,0,-1,,
-73.130035,7.113113,SEMAFORO,SEMAFORO    <br>       <br>   INTERSECCION   CRA. 9 CALLE 44,,,,,-1,0,-1,,
-73.108663,7.113433,SEMAFORO,SEMAFORO    <br>       <br>   INTERSECCION   CRA. 35A CALLE 52,,,,,-1,0,-1,,
-73.108682,7.113416,SEMAFORO,SEMAFORO    <br>       <br>   INTERSECCION   CRA. 35A CALLE 52,,,,,-1,0,-1,,
-73.108678,7.113521,SEMAFORO,SEMAFORO    <br>       <br>   INTERSECCION   CRA. 35A CALLE 52,,,,,-1,0,-1,,
-73.108708,7.113543,SEMAFORO,SEMAFORO    <br>       <br>   INTERSECCION   CRA. 35A CALLE 52,,,,,-1,0,-1,,
-73.108778,7.113529,SEMAFORO,SEMAFORO    <br>       <br>   INTERSECCION   CRA. 35A CALLE 52,,,,,-1,0,-1,,
-73.108118,7.11362,SEMAFORO,SEMAFORO    <br>       <br>   INTERSECCION   CRA. 36 CALLE 52,,,,,-1,0,-1,,
-73.108103,7.113529,SEMAFORO,SEMAFORO    <br>       <br>   INTERSECCION   CRA. 36 CALLE 52,,,,,-1,0,-1,,
-73.108116,7.113512,SEMAFORO,SEMAFORO    <br>       <br>   INTERSECCION   CRA. 36 CALLE 52,,,,,-1,0,-1,,
-73.108211,7.113493,SEMAFORO,SEMAFORO    <br>       <br>   INTERSECCION   CRA. 36 CALLE 52,,,,,-1,0,-1,,
-73.109011,7.114857,SEMAFORO,SEMAFORO    <br>       <br>   INTERSECCION   CRA. 35A. CALLE 51,,,,,-1,0,-1,,
-73.109016,7.114842,SEMAFORO,SEMAFORO    <br>       <br>   INTERSECCION   CRA. 35A. CALLE 51,,,,,-1,0,-1,,
-73.109019,7.114754,SEMAFORO,SEMAFORO    <br>       <br>   INTERSECCION   CRA. 35A. CALLE 51,,,,,-1,0,-1,,
-73.10836,7.114838,SEMAFORO,SEMAFORO    <br>       <br>   INTERSECCION   CRA. 36 CALLE 51,,,,,-1,0,-1,,
-73.108444,7.114816,SEMAFORO,SEMAFORO    <br>       <br>   INTERSECCION   CRA. 36 CALLE 51,,,,,-1,0,-1,,
-73.108502,7.114932,SEMAFORO,SEMAFORO    <br>       <br>   INTERSECCION   CRA. 36 CALLE 51,,,,,-1,0,-1,,
-73.108488,7.114852,SEMAFORO,SEMAFORO    <br>       <br>   INTERSECCION   CRA. 36 CALLE 51,,,,,-1,0,-1,,
-73.109317,7.116964,SEMAFORO,SEMAFORO    <br>       <br>   INTERSECCION   CRA. 35A CALLE 48,,,,,-1,0,-1,,
-73.109382,7.116941,SEMAFORO,SEMAFORO    <br>       <br>   INTERSECCION   CRA. 35A CALLE 48,,,,,-1,0,-1,,
-73.109396,7.116927,SEMAFORO,SEMAFORO    <br>       <br>   INTERSECCION   CRA. 35A CALLE 48,,,,,-1,0,-1,,
-73.109386,7.116839,SEMAFORO,SEMAFORO    <br>       <br>   INTERSECCION   CRA. 35A CALLE 48,,,,,-1,0,-1,,
-73.108847,7.117025,SEMAFORO,SEMAFORO    <br>       <br>   INTERSECCION   CRA. 36 CALLE 48,,,,,-1,0,-1,,
-73.10883,7.116935,SEMAFORO,SEMAFORO    <br>       <br>   INTERSECCION   CRA. 36 CALLE 48,,,,,-1,0,-1,,
-73.108817,7.116915,SEMAFORO,SEMAFORO    <br>       <br>   INTERSECCION   CRA. 36 CALLE 48,,,,,-1,0,-1,,
-73.108735,7.116927,SEMAFORO,SEMAFORO    <br>       <br>   INTERSECCION   CRA. 36 CALLE 48,,,,,-1,0,-1,,
-73.109815,7.119174,SEMAFORO,SEMAFORO    <br>       <br>   INTERSECCION   CRA. 35A CALLE 45,,,,,-1,0,-1,,
-73.10984,7.119186,SEMAFORO,SEMAFORO    <br>       <br>   INTERSECCION   CRA. 35A CALLE 45,,,,,-1,0,-1,,
-73.109923,7.119174,SEMAFORO,SEMAFORO    <br>       <br>   INTERSECCION   CRA. 35A CALLE 45,,,,,-1,0,-1,,
-73.109805,7.119079,SEMAFORO,SEMAFORO    <br>       <br>   INTERSECCION   CRA. 35A CALLE 45,,,,,-1,0,-1,,
-73.109132,7.11929,SEMAFORO,SEMAFORO    <br>       <br>   INTERSECCION   CRA. 36 CALLE 45,,,,,-1,0,-1,,
-73.109128,7.119201,SEMAFORO,SEMAFORO    <br>       <br>   INTERSECCION   CRA. 36 CALLE 45,,,,,-1,0,-1,,
-73.109212,7.11916,SEMAFORO,SEMAFORO    <br>       <br>   INTERSECCION   CRA. 36 CALLE 45,,,,,-1,0,-1,,
-73.113569,7.112235,SEMAFORO,SEMAFORO    <br>       <br>   INTERSECCION   AV. G. VALENCIA CALLE 54,,,,,-1,0,-1,,
-73.113623,7.112183,SEMAFORO,SEMAFORO    <br>       <br>   INTERSECCION   AV. G. VALENCIA CALLE 54,,,,,-1,0,-1,,
-73.113624,7.112166,SEMAFORO,SEMAFORO    <br>       <br>   INTERSECCION   AV. G. VALENCIA CALLE 54,,,,,-1,0,-1,,
-73.113566,7.112087,SEMAFORO,SEMAFORO    <br>       <br>   INTERSECCION   AV. G. VALENCIA CALLE 54,,,,,-1,0,-1,,
-73.113421,7.112191,SEMAFORO,SEMAFORO    <br>       <br>   INTERSECCION   AV. G. VALENCIA CALLE 54,,,,,-1,0,-1,,
-73.112888,7.111524,SEMAFORO,SEMAFORO    <br>       <br>   INTERSECCION   AV. G. VALENCIA CALLE 55,,,,,-1,0,-1,,
-73.112939,7.111455,SEMAFORO,SEMAFORO    <br>       <br>   INTERSECCION   AV. G. VALENCIA CALLE 55,,,,,-1,0,-1,,
-73.112767,7.111398,SEMAFORO,SEMAFORO    <br>       <br>   INTERSECCION   AV. G. VALENCIA CALLE 55,,,,,-1,0,-1,,
-73.112732,7.111481,SEMAFORO,SEMAFORO    <br>       <br>   INTERSECCION   AV. G. VALENCIA CALLE 55,,,,,-1,0,-1,,
-73.112744,7.111545,SEMAFORO,SEMAFORO    <br>       <br>   INTERSECCION   AV. G. VALENCIA CALLE 55,,,,,-1,0,-1,,
-73.11281,7.111605,SEMAFORO,SEMAFORO    <br>       <br>   INTERSECCION   AV. G. VALENCIA CALLE 55,,,,,-1,0,-1,,
-73.11105,7.109588,SEMAFORO,SEMAFORO    <br>       <br>   INTERSECCION   CRA. 32 CALLE 56 (AV. G. VAL.),,,,,-1,0,-1,,
-73.111081,7.109401,SEMAFORO,SEMAFORO    <br>       <br>   INTERSECCION   CRA. 32 CALLE 56 (AV. G. VAL.),,,,,-1,0,-1,,
-73.110964,7.109391,SEMAFORO,SEMAFORO    <br>       <br>   INTERSECCION   CRA. 32 CALLE 56 (AV. G. VAL.),,,,,-1,0,-1,,
-73.110887,7.109417,SEMAFORO,SEMAFORO    <br>       <br>   INTERSECCION   CRA. 32 CALLE 56 (AV. G. VAL.),,,,,-1,0,-1,,
-73.110747,7.10775,SEMAFORO,SEMAFORO    <br>       <br>   INTERSECCION   AV. G. VALENCIA CALLE 62,,,,,-1,0,-1,,
-73.110673,7.107773,SEMAFORO,SEMAFORO    <br>       <br>   INTERSECCION   AV. G. VALENCIA CALLE 62,,,,,-1,0,-1,,
-73.110692,7.107367,SEMAFORO,SEMAFORO    <br>       <br>   INTERSECCION   AV. G. VALENCIA CALLE 63,,,,,-1,0,-1,,
-73.110766,7.107335,SEMAFORO,SEMAFORO    <br>       <br>   INTERSECCION   AV. G. VALENCIA CALLE 63,,,,,-1,0,-1,,
-73.110787,7.107298,SEMAFORO,SEMAFORO    <br>       <br>   INTERSECCION   AV. G. VALENCIA CALLE 63,,,,,-1,0,-1,,
-73.110605,7.107212,SEMAFORO,SEMAFORO    <br>       <br>   INTERSECCION   AV. G. VALENCIA CALLE 63,,,,,-1,0,-1,,
-73.114395,7.109165,SEMAFORO,SEMAFORO    <br>       <br>   INTERSECCION   CRA. 27 CALLE 56,,,,,-1,0,-1,,
-73.114292,7.109182,SEMAFORO,SEMAFORO    <br>       <br>   INTERSECCION   CRA. 27 CALLE 56,,,,,-1,0,-1,,
-73.114395,7.109044,SEMAFORO,SEMAFORO    <br>       <br>   INTERSECCION   CRA. 27 CALLE 56,,,,,-1,0,-1,,
-73.114388,7.108972,SEMAFORO,SEMAFORO    <br>       <br>   INTERSECCION   CRA. 27 CALLE 56,,,,,-1,0,-1,,
-73.11425,7.10893,SEMAFORO,SEMAFORO    <br>       <br>   INTERSECCION   CRA. 27 CALLE 56,,,,,-1,0,-1,,
-73.114131,7.108957,SEMAFORO,SEMAFORO    <br>       <br>   INTERSECCION   CRA. 27 CALLE 56,,,,,-1,0,-1,,
-73.114092,7.10909,SEMAFORO,SEMAFORO    <br>       <br>   INTERSECCION   CRA. 27 CALLE 56,,,,,-1,0,-1,,
-73.114134,7.109162,SEMAFORO,SEMAFORO    <br>       <br>   INTERSECCION   CRA. 27 CALLE 56,,,,,-1,0,-1,,
-73.11444,7.111181,SEMAFORO,SEMAFORO    <br>       <br>   INTERSECCION   CRA. 27 CALLE 54,,,,,-1,0,-1,,
-73.114555,7.111188,SEMAFORO,SEMAFORO    <br>       <br>   INTERSECCION   CRA. 27 CALLE 54,,,,,-1,0,-1,,
-73.11473,7.111317,SEMAFORO,SEMAFORO    <br>       <br>   INTERSECCION   CRA. 27 CALLE 54,,,,,-1,0,-1,,
-73.114754,7.111225,SEMAFORO,SEMAFORO    <br>       <br>   INTERSECCION   CRA. 27 CALLE 54,,,,,-1,0,-1,,
-73.114592,7.11147,SEMAFORO,SEMAFORO    <br>       <br>   INTERSECCION   CRA. 27 CALLE 54,,,,,-1,0,-1,,
-73.114691,7.111456,SEMAFORO,SEMAFORO    <br>       <br>   INTERSECCION   CRA. 27 CALLE 54,,,,,-1,0,-1,,
-73.115016,7.113736,SEMAFORO,SEMAFORO    <br>       <br>   INTERSECCION   CRA. 27 AV. G. VALENCIA,,,,,-1,0,-1,,
-73.115006,7.113624,SEMAFORO,SEMAFORO    <br>       <br>   INTERSECCION   CRA. 27 AV. G. VALENCIA,,,,,-1,0,-1,,
-73.115018,7.113869,SEMAFORO,SEMAFORO    <br>       <br>   INTERSECCION   CRA. 27 AV. G. VALENCIA,,,,,-1,0,-1,,
-73.114887,7.113724,SEMAFORO,SEMAFORO    <br>       <br>   INTERSECCION   CRA. 27 AV. G. VALENCIA,,,,,-1,0,-1,,
-73.114845,7.113453,SEMAFORO,SEMAFORO    <br>       <br>   INTERSECCION   CRA. 27 AV. G. VALENCIA,,,,,-1,0,-1,,
-73.11473,7.113327,SEMAFORO,SEMAFORO    <br>       <br>   INTERSECCION   CRA. 27 AV. G. VALENCIA,,,,,-1,0,-1,,
-73.114709,7.113422,SEMAFORO,SEMAFORO    <br>       <br>   INTERSECCION   CRA. 27 AV. G. VALENCIA,,,,,-1,0,-1,,
-73.114669,7.113485,SEMAFORO,SEMAFORO    <br>       <br>   INTERSECCION   CRA. 27 AV. G. VALENCIA,,,,,-1,0,-1,,
-73.115266,7.116619,SEMAFORO,SEMAFORO    <br>       <br>   INTERSECCION   CRA. 27 CALLE 48,,,,,-1,0,-1,,
-73.11516,7.116626,SEMAFORO,SEMAFORO    <br>       <br>   INTERSECCION   CRA. 27 CALLE 48,,,,,-1,0,-1,,
-73.115419,7.116802,SEMAFORO,SEMAFORO    <br>       <br>   INTERSECCION   CRA. 27 CALLE 48,,,,,-1,0,-1,,
-73.115421,7.116684,SEMAFORO,SEMAFORO    <br>       <br>   INTERSECCION   CRA. 27 CALLE 48,,,,,-1,0,-1,,
-73.115412,7.116822,SEMAFORO,SEMAFORO    <br>       <br>   INTERSECCION   CRA. 27 CALLE 48,,,,,-1,0,-1,,
-73.115291,7.116813,SEMAFORO,SEMAFORO    <br>       <br>   INTERSECCION   CRA. 27 CALLE 48,,,,,-1,0,-1,,
-73.11541,7.117721,SEMAFORO,SEMAFORO    <br>       <br>   INTERSECCION   CRA. 27 CALLE 45,,,,,-1,0,-1,,
-73.115436,7.117889,SEMAFORO,SEMAFORO    <br>       <br>   INTERSECCION   CRA. 27 CALLE 45,,,,,-1,0,-1,,
-73.115532,7.117866,SEMAFORO,SEMAFORO    <br>       <br>   INTERSECCION   CRA. 27 CALLE 45,,,,,-1,0,-1,,
-73.115298,7.117736,SEMAFORO,SEMAFORO    <br>       <br>   INTERSECCION   CRA. 27 CALLE 45,,,,,-1,0,-1,,
-73.115296,7.117755,SEMAFORO,SEMAFORO    <br>       <br>   INTERSECCION   CRA. 27 CALLE 45,,,,,-1,0,-1,,
-73.115297,7.117897,SEMAFORO,SEMAFORO    <br>       <br>   INTERSECCION   CRA. 27 CALLE 45,,,,,-1,0,-1,,
-73.11556,7.118732,SEMAFORO,SEMAFORO    <br>       <br>   INTERSECCION   CRA. 27 CALLE 41,,,,,-1,0,-1,,
-73.115426,7.118766,SEMAFORO,SEMAFORO    <br>       <br>   INTERSECCION   CRA. 27 CALLE 41,,,,,-1,0,-1,,
-73.115681,7.118781,SEMAFORO,SEMAFORO    <br>       <br>   INTERSECCION   CRA. 27 CALLE 41,,,,,-1,0,-1,,
-73.115602,7.118873,SEMAFORO,SEMAFORO    <br>       <br>   INTERSECCION   CRA. 27 CALLE 41,,,,,-1,0,-1,,
-73.1155,7.119022,SEMAFORO,SEMAFORO    <br>       <br>   INTERSECCION   CRA. 27 CALLE 41,,,,,-1,0,-1,,
-73.115835,7.119744,SEMAFORO,SEMAFORO    <br>       <br>   INTERSECCION   CRA. 27 AV. ROSITA,,,,,-1,0,-1,,
-73.115938,7.119701,SEMAFORO,SEMAFORO    <br>       <br>   INTERSECCION   CRA. 27 AV. ROSITA,,,,,-1,0,-1,,
-73.116106,7.119743,SEMAFORO,SEMAFORO    <br>       <br>   INTERSECCION   CRA. 27 AV. ROSITA,,,,,-1,0,-1,,
-73.116082,7.119645,SEMAFORO,SEMAFORO    <br>       <br>   INTERSECCION   CRA. 27 AV. ROSITA,,,,,-1,0,-1,,
-73.116031,7.119924,SEMAFORO,SEMAFORO    <br>       <br>   INTERSECCION   CRA. 27 AV. ROSITA,,,,,-1,0,-1,,
-73.116138,7.119897,SEMAFORO,SEMAFORO    <br>       <br>   INTERSECCION   CRA. 27 AV. ROSITA,,,,,-1,0,-1,,
-73.115894,7.119995,SEMAFORO,SEMAFORO    <br>       <br>   INTERSECCION   CRA. 27 AV. ROSITA,,,,,-1,0,-1,,
-73.115871,7.11988,SEMAFORO,SEMAFORO    <br>       <br>   INTERSECCION   CRA. 27 AV. ROSITA,,,,,-1,0,-1,,
-73.116427,7.12129,SEMAFORO,SEMAFORO    <br>       <br>   INTERSECCION   CRA. 27 CALLE 36,,,,,-1,0,-1,,
-73.116599,7.121468,SEMAFORO,SEMAFORO    <br>       <br>   INTERSECCION   CRA. 27 CALLE 36,,,,,-1,0,-1,,
-73.116464,7.121482,SEMAFORO,SEMAFORO    <br>       <br>   INTERSECCION   CRA. 27 CALLE 36,,,,,-1,0,-1,,
-73.11644,7.121418,SEMAFORO,SEMAFORO    <br>       <br>   INTERSECCION   CRA. 27 CALLE 36,,,,,-1,0,-1,,
-73.116681,7.121323,SEMAFORO,SEMAFORO    <br>       <br>   INTERSECCION   CRA. 27 CALLE 36,,,,,-1,0,-1,,
-73.116652,7.121226,SEMAFORO,SEMAFORO    <br>       <br>   INTERSECCION   CRA. 27 CALLE 36,,,,,-1,0,-1,,
-73.116943,7.122198,SEMAFORO,SEMAFORO    <br>       <br>   INTERSECCION   CRA. 27 CALLE 35,,,,,-1,0,-1,,
-73.11684,7.122234,SEMAFORO,SEMAFORO    <br>       <br>   INTERSECCION   CRA. 27 CALLE 35,,,,,-1,0,-1,,
-73.116966,7.122159,SEMAFORO,SEMAFORO    <br>       <br>   INTERSECCION   CRA. 27 CALLE 35,,,,,-1,0,-1,,
-73.116936,7.122067,SEMAFORO,SEMAFORO    <br>       <br>   INTERSECCION   CRA. 27 CALLE 35,,,,,-1,0,-1,,
-73.116804,7.122114,SEMAFORO,SEMAFORO    <br>       <br>   INTERSECCION   CRA. 27 CALLE 35,,,,,-1,0,-1,,
-73.116699,7.122144,SEMAFORO,SEMAFORO    <br>       <br>   INTERSECCION   CRA. 27 CALLE 35,,,,,-1,0,-1,,
-73.117059,7.122876,SEMAFORO,SEMAFORO    <br>       <br>   INTERSECCION   CRA. 27 CALLE 34,,,,,-1,0,-1,,
-73.116961,7.122911,SEMAFORO,SEMAFORO    <br>       <br>   INTERSECCION   CRA. 27 CALLE 34,,,,,-1,0,-1,,
-73.116958,7.12299,SEMAFORO,SEMAFORO    <br>       <br>   INTERSECCION   CRA. 27 CALLE 34,,,,,-1,0,-1,,
-73.116998,7.123086,SEMAFORO,SEMAFORO    <br>       <br>   INTERSECCION   CRA. 27 CALLE 34,,,,,-1,0,-1,,
-73.117135,7.12304,SEMAFORO,SEMAFORO    <br>       <br>   INTERSECCION   CRA. 27 CALLE 34,,,,,-1,0,-1,,
-73.117238,7.123004,SEMAFORO,SEMAFORO    <br>       <br>   INTERSECCION   CRA. 27 CALLE 34,,,,,-1,0,-1,,
-73.118109,7.124848,SEMAFORO,SEMAFORO    <br>       <br>   INTERSECCION   CRA. 27 CALLE 32,,,,,-1,0,-1,,
-73.117974,7.124822,SEMAFORO,SEMAFORO    <br>       <br>   INTERSECCION   CRA. 27 CALLE 32,,,,,-1,0,-1,,
-73.118037,7.12463,SEMAFORO,SEMAFORO    <br>       <br>   INTERSECCION   CRA. 27 CALLE 32,,,,,-1,0,-1,,
-73.11813,7.124723,SEMAFORO,SEMAFORO    <br>       <br>   INTERSECCION   CRA. 27 CALLE 32,,,,,-1,0,-1,,
-73.117805,7.124719,SEMAFORO,SEMAFORO    <br>       <br>   INTERSECCION   CRA. 27 CALLE 32,,,,,-1,0,-1,,
-73.117907,7.124682,SEMAFORO,SEMAFORO    <br>       <br>   INTERSECCION   CRA. 27 CALLE 32,,,,,-1,0,-1,,
-73.120196,7.134487,SEMAFORO,SEMAFORO    <br>       <br>   INTERSECCION   CRA. 27 CALLE 14,,,,,-1,0,-1,,
-73.120267,7.134497,SEMAFORO,SEMAFORO    <br>       <br>   INTERSECCION   CRA. 27 CALLE 14,,,,,-1,0,-1,,
-73.120192,7.134622,SEMAFORO,SEMAFORO    <br>       <br>   INTERSECCION   CRA. 27 CALLE 14,,,,,-1,0,-1,,
-73.110458,7.122176,SEMAFORO,SEMAFORO    <br>       <br>   INTERSECCION   CRA. 35 CALLE 41,,,,,-1,0,-1,,
-73.110374,7.122191,SEMAFORO,SEMAFORO    <br>       <br>   INTERSECCION   CRA. 35 CALLE 41,,,,,-1,0,-1,,
-73.110349,7.122175,SEMAFORO,SEMAFORO    <br>       <br>   INTERSECCION   CRA. 35 CALLE 41,,,,,-1,0,-1,,
-73.110332,7.122082,SEMAFORO,SEMAFORO    <br>       <br>   INTERSECCION   CRA. 35 CALLE 41,,,,,-1,0,-1,,
-73.110238,7.121413,SEMAFORO,SEMAFORO    <br>       <br>   INTERSECCION   CRA. 35 CALLE 42,,,,,-1,0,-1,,
-73.110318,7.121402,SEMAFORO,SEMAFORO    <br>       <br>   INTERSECCION   CRA. 35 CALLE 42,,,,,-1,0,-1,,
-73.110328,7.121384,SEMAFORO,SEMAFORO    <br>       <br>   INTERSECCION   CRA. 35 CALLE 42,,,,,-1,0,-1,,
-73.110324,7.121302,SEMAFORO,SEMAFORO    <br>       <br>   INTERSECCION   CRA. 35 CALLE 42,,,,,-1,0,-1,,
-73.109763,7.122182,SEMAFORO,SEMAFORO    <br>       <br>   INTERSECCION   CRA. 36 CALLE 41,,,,,-1,0,-1,,
-73.109687,7.122201,SEMAFORO,SEMAFORO    <br>       <br>   INTERSECCION   CRA. 36 CALLE 41,,,,,-1,0,-1,,
-73.109673,7.122291,SEMAFORO,SEMAFORO    <br>       <br>   INTERSECCION   CRA. 36 CALLE 41,,,,,-1,0,-1,,
-73.109662,7.122212,SEMAFORO,SEMAFORO    <br>       <br>   INTERSECCION   CRA. 36 CALLE 41,,,,,-1,0,-1,,
-73.109668,7.121503,SEMAFORO,SEMAFORO    <br>       <br>   INTERSECCION   CRA. 36 CALLE 42,,,,,-1,0,-1,,
-73.109645,7.121425,SEMAFORO,SEMAFORO    <br>       <br>   INTERSECCION   CRA. 36 CALLE 42,,,,,-1,0,-1,,
-73.109634,7.121416,SEMAFORO,SEMAFORO    <br>       <br>   INTERSECCION   CRA. 36 CALLE 42,,,,,-1,0,-1,,
-73.110322,7.125919,SEMAFORO,SEMAFORO    <br>       <br>   INTERSECCION   CRA. 36 CALLE 34,,,,,-1,0,-1,,
-73.110315,7.125829,SEMAFORO,SEMAFORO    <br>       <br>   INTERSECCION   CRA. 36 CALLE 34,,,,,-1,0,-1,,
-73.110323,7.12581,SEMAFORO,SEMAFORO    <br>       <br>   INTERSECCION   CRA. 36 CALLE 34,,,,,-1,0,-1,,
-73.10961,7.126062,SEMAFORO,SEMAFORO    <br>       <br>   INTERSECCION   CRA. 38 CALLE 34,,,,,-1,0,-1,,
-73.1095,7.126056,SEMAFORO,SEMAFORO    <br>       <br>   INTERSECCION   CRA. 38 CALLE 34,,,,,-1,0,-1,,
-73.109443,7.12598,SEMAFORO,SEMAFORO    <br>       <br>   INTERSECCION   CRA. 38 CALLE 34,,,,,-1,0,-1,,
-73.109452,7.125951,SEMAFORO,SEMAFORO    <br>       <br>   INTERSECCION   CRA. 38 CALLE 34,,,,,-1,0,-1,,
-73.112941,7.127248,SEMAFORO,SEMAFORO    <br>       <br>   INTERSECCION   CRA. 33 CALLE 32,,,,,-1,0,-1,,
-73.112869,7.127278,SEMAFORO,SEMAFORO    <br>       <br>   INTERSECCION   CRA. 33 CALLE 32,,,,,-1,0,-1,,
-73.113066,7.127231,SEMAFORO,SEMAFORO    <br>       <br>   INTERSECCION   CRA. 33 CALLE 32,,,,,-1,0,-1,,
-73.113108,7.127337,SEMAFORO,SEMAFORO    <br>       <br>   INTERSECCION   CRA. 33 CALLE 32,,,,,-1,0,-1,,
-73.113021,7.127398,SEMAFORO,SEMAFORO    <br>       <br>   INTERSECCION   CRA. 33 CALLE 32,,,,,-1,0,-1,,
-73.113094,7.127358,SEMAFORO,SEMAFORO    <br>       <br>   INTERSECCION   CRA. 33 CALLE 32,,,,,-1,0,-1,,
-73.114511,7.129792,SEMAFORO,SEMAFORO    <br>       <br>   INTERSECCION   CRA.33  AV. Q. SECA,,,,,-1,0,-1,,
-73.112815,7.131108,SEMAFORO,SEMAFORO    <br>       <br>   INTERSECCION   CRA.33A. AV. Q. SECA,,,,,-1,0,-1,,
-73.112843,7.130975,SEMAFORO,SEMAFORO    <br>       <br>   INTERSECCION   CRA.33A. AV. Q. SECA,,,,,-1,0,-1,,
-73.112881,7.130855,SEMAFORO,SEMAFORO    <br>       <br>   INTERSECCION   CRA.33A. AV. Q. SECA,,,,,-1,0,-1,,
-73.112676,7.130982,SEMAFORO,SEMAFORO    <br>       <br>   INTERSECCION   CRA.33A. AV. Q. SECA,,,,,-1,0,-1,,
-73.111799,7.127959,SEMAFORO,SEMAFORO    <br>       <br>   INTERSECCION   CRA. 33A CALLE 32,,,,,-1,0,-1,,
-73.111875,7.127949,SEMAFORO,SEMAFORO    <br>       <br>   INTERSECCION   CRA. 33A CALLE 32,,,,,-1,0,-1,,
-73.112041,7.127757,SEMAFORO,SEMAFORO    <br>       <br>   INTERSECCION   CRA. 33A CALLE 32,,,,,-1,0,-1,,
-73.111966,7.127678,SEMAFORO,SEMAFORO    <br>       <br>   INTERSECCION   CRA. 33A CALLE 32,,,,,-1,0,-1,,
-73.111873,7.127707,SEMAFORO,SEMAFORO    <br>       <br>   INTERSECCION   CRA. 33A CALLE 32,,,,,-1,0,-1,,
-73.116752,7.128634,SEMAFORO,SEMAFORO    <br>       <br>   INTERSECCION   CRA. 30 AV. Q. SECA,,,,,-1,0,-1,,
-73.116867,7.128628,SEMAFORO,SEMAFORO    <br>       <br>   INTERSECCION   CRA. 30 AV. Q. SECA,,,,,-1,0,-1,,
-73.116884,7.128485,SEMAFORO,SEMAFORO    <br>       <br>   INTERSECCION   CRA. 30 AV. Q. SECA,,,,,-1,0,-1,,
-73.116867,7.128366,SEMAFORO,SEMAFORO    <br>       <br>   INTERSECCION   CRA. 30 AV. Q. SECA,,,,,-1,0,-1,,
-73.120191,7.134704,SEMAFORO,SEMAFORO    <br>       <br>   INTERSECCION   CRA. 27 CALLE 14,,,,,-1,0,-1,,
-73.1203,7.134712,SEMAFORO,SEMAFORO    <br>       <br>   INTERSECCION   CRA. 27 CALLE 14,,,,,-1,0,-1,,
-73.120391,7.134721,SEMAFORO,SEMAFORO    <br>       <br>   INTERSECCION   CRA. 27 CALLE 14,,,,,-1,0,-1,,
-73.120403,7.134633,SEMAFORO,SEMAFORO    <br>       <br>   INTERSECCION   CRA. 27 CALLE 14,,,,,-1,0,-1,,
-73.120395,7.134554,SEMAFORO,SEMAFORO    <br>       <br>   INTERSECCION   CRA. 27 CALLE 14,,,,,-1,0,-1,,
-73.119827,7.132267,SEMAFORO,SEMAFORO    <br>       <br>   INTERSECCION   CRA. 27 CALLE 17,,,,,-1,0,-1,,
-73.119814,7.132193,SEMAFORO,SEMAFORO    <br>       <br>   INTERSECCION   CRA. 27 CALLE 17,,,,,-1,0,-1,,
-73.119933,7.132281,SEMAFORO,SEMAFORO    <br>       <br>   INTERSECCION   CRA. 27 CALLE 17,,,,,-1,0,-1,,
-73.120014,7.132275,SEMAFORO,SEMAFORO    <br>       <br>   INTERSECCION   CRA. 27 CALLE 17,,,,,-1,0,-1,,
-73.119832,7.132163,SEMAFORO,SEMAFORO    <br>       <br>   INTERSECCION   CRA. 27 CALLE 17,,,,,-1,0,-1,,
-73.11991,7.132148,SEMAFORO,SEMAFORO    <br>       <br>   INTERSECCION   CRA. 27 CALLE 17,,,,,-1,0,-1,,
-73.119478,7.12958,SEMAFORO,SEMAFORO    <br>       <br>   INTERSECCION   CRA. 27 CALLE 20,,,,,-1,0,-1,,
-73.119402,7.129596,SEMAFORO,SEMAFORO    <br>       <br>   INTERSECCION   CRA. 27 CALLE 20,,,,,-1,0,-1,,
-73.119498,7.129727,SEMAFORO,SEMAFORO    <br>       <br>   INTERSECCION   CRA. 27 CALLE 20,,,,,-1,0,-1,,
-73.11958,7.129716,SEMAFORO,SEMAFORO    <br>       <br>   INTERSECCION   CRA. 27 CALLE 20,,,,,-1,0,-1,,
-73.119618,7.129679,SEMAFORO,SEMAFORO    <br>       <br>   INTERSECCION   CRA. 27 CALLE 20,,,,,-1,0,-1,,
-73.119595,7.129596,SEMAFORO,SEMAFORO    <br>       <br>   INTERSECCION   CRA. 27 CALLE 20,,,,,-1,0,-1,,
-73.131654,7.136642,SEMAFORO,SEMAFORO    <br>       <br>   INTERSECCION   CRA. 15 CALLE 9,,,,,-1,0,-1,,
-73.131584,7.136492,SEMAFORO,SEMAFORO    <br>       <br>   INTERSECCION   CRA. 15 CALLE 9,,,,,-1,0,-1,,
-73.131523,7.136655,SEMAFORO,SEMAFORO    <br>       <br>   INTERSECCION   CRA. 15 CALLE 9,,,,,-1,0,-1,,
-73.131492,7.136567,SEMAFORO,SEMAFORO    <br>       <br>   INTERSECCION   CRA. 15 CALLE 9,,,,,-1,0,-1,,
-73.13268,7.138908,SEMAFORO,SEMAFORO    <br>       <br>   INTERSECCION   CRA. 15 CALLE 5,,,,,-1,0,-1,,
-73.132618,7.139076,SEMAFORO,SEMAFORO    <br>       <br>   INTERSECCION   CRA. 15 CALLE 5,,,,,-1,0,-1,,
-73.13286,7.139163,SEMAFORO,SEMAFORO    <br>       <br>   INTERSECCION   CRA. 15 CALLE 5,,,,,-1,0,-1,,
-73.133227,7.141163,SEMAFORO,SEMAFORO    <br>       <br>   INTERSECCION   CRA. 15 CALLE 3,,,,,-1,0,-1,,
-73.133262,7.141273,SEMAFORO,SEMAFORO    <br>       <br>   INTERSECCION   CRA. 15 CALLE 3,,,,,-1,0,-1,,
-73.133382,7.141062,SEMAFORO,SEMAFORO    <br>       <br>   INTERSECCION   CRA. 15 CALLE 3,,,,,-1,0,-1,,
-73.13338,7.140934,SEMAFORO,SEMAFORO    <br>       <br>   INTERSECCION   CRA. 15 CALLE 3,,,,,-1,0,-1,,
-73.133278,7.140971,SEMAFORO,SEMAFORO    <br>       <br>   INTERSECCION   CRA. 15 CALLE 3,,,,,-1,0,-1,,
-73.133204,7.141003,SEMAFORO,SEMAFORO    <br>       <br>   INTERSECCION   CRA. 15 CALLE 3,,,,,-1,0,-1,,
-73.130924,7.134914,SEMAFORO,SEMAFORO    <br>       <br>   INTERSECCION   CRA. 15 CALLE 12,,,,,-1,0,-1,,
-73.130961,7.13512,SEMAFORO,SEMAFORO    <br>       <br>   INTERSECCION   CRA. 15 CALLE 12,,,,,-1,0,-1,,
-73.130993,7.135258,SEMAFORO,SEMAFORO    <br>       <br>   INTERSECCION   CRA. 15 CALLE 11,,,,,-1,0,-1,,
-73.131007,7.134902,SEMAFORO,SEMAFORO    <br>       <br>   INTERSECCION   CRA. 15 CALLE 12,,,,,-1,0,-1,,
-73.130886,7.134682,SEMAFORO,SEMAFORO    <br>       <br>   INTERSECCION   CRA. 15 CALLE 12,,,,,-1,0,-1,,
-73.130805,7.134701,SEMAFORO,SEMAFORO    <br>       <br>   INTERSECCION   CRA. 15 CALLE 12,,,,,-1,0,-1,,
-73.130786,7.134902,SEMAFORO,SEMAFORO    <br>       <br>   INTERSECCION   CRA. 15 CALLE 12,,,,,-1,0,-1,,
-73.130787,7.134814,SEMAFORO,SEMAFORO    <br>       <br>   INTERSECCION   CRA. 15 CALLE 12,,,,,-1,0,-1,,
-73.130328,7.132191,SEMAFORO,SEMAFORO    <br>       <br>   INTERSECCION   CRA. 15 CALLE 15,,,,,-1,0,-1,,
-73.130271,7.131985,SEMAFORO,SEMAFORO    <br>       <br>   INTERSECCION   CRA. 15 CALLE 15,,,,,-1,0,-1,,
-73.130258,7.131893,SEMAFORO,SEMAFORO    <br>       <br>   INTERSECCION   CRA. 15 CALLE 15,,,,,-1,0,-1,,
-73.130266,7.131849,SEMAFORO,SEMAFORO    <br>       <br>   INTERSECCION   CRA. 15 CALLE 15,,,,,-1,0,-1,,
-73.130449,7.131958,SEMAFORO,SEMAFORO    <br>       <br>   INTERSECCION   CRA. 15 CALLE 15,,,,,-1,0,-1,,
-73.130436,7.132322,SEMAFORO,SEMAFORO    <br>       <br>   INTERSECCION   CRA. 15 CALLE 15,,,,,-1,0,-1,,
-73.13051,7.132286,SEMAFORO,SEMAFORO    <br>       <br>   INTERSECCION   CRA. 15 CALLE 15,,,,,-1,0,-1,,
-73.130533,7.132157,SEMAFORO,SEMAFORO    <br>       <br>   INTERSECCION   CRA. 15 CALLE 15,,,,,-1,0,-1,,
-73.130555,7.132239,SEMAFORO,SEMAFORO    <br>       <br>   INTERSECCION   CRA. 15 CALLE 15,,,,,-1,0,-1,,
-73.126841,7.132559,SEMAFORO,SEMAFORO    <br>       <br>   INTERSECCION   CRA. 19 B. BOLÍVAR,,,,,-1,0,-1,,
-73.126924,7.132489,SEMAFORO,SEMAFORO    <br>       <br>   INTERSECCION   CRA. 19 B. BOLÍVAR,,,,,-1,0,-1,,
-73.127123,7.132621,SEMAFORO,SEMAFORO    <br>       <br>   INTERSECCION   CRA. 19 B. BOLÍVAR,,,,,-1,0,-1,,
-73.127061,7.132436,SEMAFORO,SEMAFORO    <br>       <br>   INTERSECCION   CRA. 19 B. BOLÍVAR,,,,,-1,0,-1,,
-73.12408,7.130587,SEMAFORO,SEMAFORO    <br>       <br>   INTERSECCION   CRA. 22 B. BOLÍVAR,,,,,-1,0,-1,,
-73.124188,7.130543,SEMAFORO,SEMAFORO    <br>       <br>   INTERSECCION   CRA. 22 B. BOLÍVAR,,,,,-1,0,-1,,
-73.124096,7.130473,SEMAFORO,SEMAFORO    <br>       <br>   INTERSECCION   CRA. 22 B. BOLÍVAR,,,,,-1,0,-1,,
-73.123901,7.130466,SEMAFORO,SEMAFORO    <br>       <br>   INTERSECCION   CRA. 22 B. BOLÍVAR,,,,,-1,0,-1,,
-73.126301,7.129316,SEMAFORO,SEMAFORO    <br>       <br>   INTERSECCION   CRA. 19 B. SANTANDER,,,,,-1,0,-1,,
-73.126464,7.129057,SEMAFORO,SEMAFORO    <br>       <br>   INTERSECCION   CRA. 19 B. SANTANDER,,,,,-1,0,-1,,
-73.126381,7.128993,SEMAFORO,SEMAFORO    <br>       <br>   INTERSECCION   CRA. 19 B. SANTANDER,,,,,-1,0,-1,,
-73.126197,7.129272,SEMAFORO,SEMAFORO    <br>       <br>   INTERSECCION   CRA. 19 B. SANTANDER,,,,,-1,0,-1,,
-73.126956,7.128326,SEMAFORO,SEMAFORO    <br>       <br>   INTERSECCION   CRA. 18 CALLE 20 (B. SANTANDER),,,,,-1,0,-1,,
-73.127119,7.128296,SEMAFORO,SEMAFORO    <br>       <br>   INTERSECCION   CRA. 18 CALLE 20 (B. SANTANDER),,,,,-1,0,-1,,
-73.12723,7.128104,SEMAFORO,SEMAFORO    <br>       <br>   INTERSECCION   CRA. 18 CALLE 20 (B. SANTANDER),,,,,-1,0,-1,,
-73.127138,7.128063,SEMAFORO,SEMAFORO    <br>       <br>   INTERSECCION   CRA. 18 CALLE 20 (B. SANTANDER),,,,,-1,0,-1,,
-73.129072,7.125346,SEMAFORO,SEMAFORO    <br>       <br>   INTERSECCION   CRA. 15 B. SANTANDER,,,,,-1,0,-1,,
-73.129148,7.125328,SEMAFORO,SEMAFORO    <br>       <br>   INTERSECCION   CRA. 15 B. SANTANDER,,,,,-1,0,-1,,
-73.129009,7.125045,SEMAFORO,SEMAFORO    <br>       <br>   INTERSECCION   CRA. 15 B. SANTANDER,,,,,-1,0,-1,,
-73.128929,7.12506,SEMAFORO,SEMAFORO    <br>       <br>   INTERSECCION   CRA. 15 B. SANTANDER,,,,,-1,0,-1,,
-73.128919,7.125167,SEMAFORO,SEMAFORO    <br>       <br>   INTERSECCION   CRA. 15 B. SANTANDER,,,,,-1,0,-1,,
-73.128915,7.125086,SEMAFORO,SEMAFORO    <br>       <br>   INTERSECCION   CRA. 15 B. SANTANDER,,,,,-1,0,-1,,
-73.128962,7.125343,SEMAFORO,SEMAFORO    <br>       <br>   INTERSECCION   CRA. 15 B. SANTANDER,,,,,-1,0,-1,,
-73.129,7.12546,SEMAFORO,SEMAFORO    <br>       <br>   INTERSECCION   CRA. 15 B. SANTANDER,,,,,-1,0,-1,,
-73.129376,7.126893,SEMAFORO,SEMAFORO    <br>       <br>   INTERSECCION   CRA. 15 CALLE 22,,,,,-1,0,-1,,
-73.129327,7.126646,SEMAFORO,SEMAFORO    <br>       <br>   INTERSECCION   CRA. 15 CALLE 22,,,,,-1,0,-1,,
-73.129247,7.126656,SEMAFORO,SEMAFORO    <br>       <br>   INTERSECCION   CRA. 15 CALLE 22,,,,,-1,0,-1,,
-73.129279,7.126914,SEMAFORO,SEMAFORO    <br>       <br>   INTERSECCION   CRA. 15 CALLE 22,,,,,-1,0,-1,,
-73.129263,7.126826,SEMAFORO,SEMAFORO    <br>       <br>   INTERSECCION   CRA. 15 CALLE 22,,,,,-1,0,-1,,
-73.127283,7.120113,SEMAFORO,SEMAFORO    <br>       <br>   INTERSECCION   CRA. 15 CALLE 33,,,,,-1,0,-1,,
-73.127194,7.12013,SEMAFORO,SEMAFORO    <br>       <br>   INTERSECCION   CRA. 15 CALLE 33,,,,,-1,0,-1,,
-73.127333,7.120243,SEMAFORO,SEMAFORO    <br>       <br>   INTERSECCION   CRA. 15 CALLE 33,,,,,-1,0,-1,,
-73.127415,7.120212,SEMAFORO,SEMAFORO    <br>       <br>   INTERSECCION   CRA. 15 CALLE 33,,,,,-1,0,-1,,
-73.127421,7.120186,SEMAFORO,SEMAFORO    <br>       <br>   INTERSECCION   CRA. 15 CALLE 33,,,,,-1,0,-1,,
-73.127373,7.120089,SEMAFORO,SEMAFORO    <br>       <br>   INTERSECCION   CRA. 15 CALLE 33,,,,,-1,0,-1,,
-73.127002,7.119409,SEMAFORO,SEMAFORO    <br>       <br>   INTERSECCION   CRA. 15 CALLE 34,,,,,-1,0,-1,,
-73.127088,7.119393,SEMAFORO,SEMAFORO    <br>       <br>   INTERSECCION   CRA. 15 CALLE 34,,,,,-1,0,-1,,
-73.12693,7.119282,SEMAFORO,SEMAFORO    <br>       <br>   INTERSECCION   CRA. 15 CALLE 34,,,,,-1,0,-1,,
-73.126851,7.119303,SEMAFORO,SEMAFORO    <br>       <br>   INTERSECCION   CRA. 15 CALLE 34,,,,,-1,0,-1,,
-73.126855,7.119344,SEMAFORO,SEMAFORO    <br>       <br>   INTERSECCION   CRA. 15 CALLE 34,,,,,-1,0,-1,,
-73.126883,7.119434,SEMAFORO,SEMAFORO    <br>       <br>   INTERSECCION   CRA. 15 CALLE 34,,,,,-1,0,-1,,
-73.126514,7.11794,SEMAFORO,SEMAFORO    <br>       <br>   INTERSECCION   CRA. 15 CALLE 36,,,,,-1,0,-1,,
-73.126433,7.117965,SEMAFORO,SEMAFORO    <br>       <br>   INTERSECCION   CRA. 15 CALLE 36,,,,,-1,0,-1,,
-73.126471,7.11783,SEMAFORO,SEMAFORO    <br>       <br>   INTERSECCION   CRA. 15 CALLE 36,,,,,-1,0,-1,,
-73.126452,7.117741,SEMAFORO,SEMAFORO    <br>       <br>   INTERSECCION   CRA. 15 CALLE 36,,,,,-1,0,-1,,
-73.12632,7.117755,SEMAFORO,SEMAFORO    <br>       <br>   INTERSECCION   CRA. 15 CALLE 36,,,,,-1,0,-1,,
-73.126234,7.117777,SEMAFORO,SEMAFORO    <br>       <br>   INTERSECCION   CRA. 15 CALLE 36,,,,,-1,0,-1,,
-73.126303,7.117986,SEMAFORO,SEMAFORO    <br>       <br>   INTERSECCION   CRA. 15 CALLE 36,,,,,-1,0,-1,,
-73.126267,7.11789,SEMAFORO,SEMAFORO    <br>       <br>   INTERSECCION   CRA. 15 CALLE 36,,,,,-1,0,-1,,
-73.125792,7.116364,SEMAFORO,SEMAFORO    <br>       <br>   INTERSECCION   CRA. 15 CALLE 41,,,,,-1,0,-1,,
-73.125867,7.116346,SEMAFORO,SEMAFORO    <br>       <br>   INTERSECCION   CRA. 15 CALLE 41,,,,,-1,0,-1,,
-73.125839,7.116224,SEMAFORO,SEMAFORO    <br>       <br>   INTERSECCION   CRA. 15 CALLE 41,,,,,-1,0,-1,,
-73.125868,7.116327,SEMAFORO,SEMAFORO    <br>       <br>   INTERSECCION   CRA. 15 CALLE 41,,,,,-1,0,-1,,
-73.125715,7.116216,SEMAFORO,SEMAFORO    <br>       <br>   INTERSECCION   CRA. 15 CALLE 41,,,,,-1,0,-1,,
-73.12562,7.116229,SEMAFORO,SEMAFORO    <br>       <br>   INTERSECCION   CRA. 15 CALLE 41,,,,,-1,0,-1,,
-73.125484,7.11559,SEMAFORO,SEMAFORO    <br>       <br>   INTERSECCION   CRA. 15 CALLE 42,,,,,-1,0,-1,,
-73.125579,7.115582,SEMAFORO,SEMAFORO    <br>       <br>   INTERSECCION   CRA. 15 CALLE 42,,,,,-1,0,-1,,
-73.125409,7.115433,SEMAFORO,SEMAFORO    <br>       <br>   INTERSECCION   CRA. 15 CALLE 42,,,,,-1,0,-1,,
-73.125336,7.115453,SEMAFORO,SEMAFORO    <br>       <br>   INTERSECCION   CRA. 15 CALLE 42,,,,,-1,0,-1,,
-73.125331,7.115581,SEMAFORO,SEMAFORO    <br>       <br>   INTERSECCION   CRA. 15 CALLE 42,,,,,-1,0,-1,,
-73.125311,7.1155,SEMAFORO,SEMAFORO    <br>       <br>   INTERSECCION   CRA. 15 CALLE 42,,,,,-1,0,-1,,
-73.123972,7.130641,SEMAFORO,SEMAFORO    <br>       <br>   INTERSECCION   CRA. 22 B. BOLÍVAR,,,,,-1,0,-1,,
-73.124911,7.114575,SEMAFORO,SEMAFORO    <br>       <br>   INTERSECCION   CRA. 15 CALLE 45,,,,,-1,0,-1,,
-73.124974,7.114665,SEMAFORO,SEMAFORO    <br>       <br>   INTERSECCION   CRA. 15 CALLE 45,,,,,-1,0,-1,,
-73.125111,7.114628,SEMAFORO,SEMAFORO    <br>       <br>   INTERSECCION   CRA. 15 CALLE 45,,,,,-1,0,-1,,
-73.12518,7.114591,SEMAFORO,SEMAFORO    <br>       <br>   INTERSECCION   CRA. 15 CALLE 45,,,,,-1,0,-1,,
-73.125198,7.114452,SEMAFORO,SEMAFORO    <br>       <br>   INTERSECCION   CRA. 15 CALLE 45,,,,,-1,0,-1,,
-73.125154,7.114379,SEMAFORO,SEMAFORO    <br>       <br>   INTERSECCION   CRA. 15 CALLE 45,,,,,-1,0,-1,,
-73.125018,7.114395,SEMAFORO,SEMAFORO    <br>       <br>   INTERSECCION   CRA. 15 CALLE 45,,,,,-1,0,-1,,
-73.124893,7.114416,SEMAFORO,SEMAFORO    <br>       <br>   INTERSECCION   CRA. 15 CALLE 45,,,,,-1,0,-1,,
-73.124253,7.114704,SEMAFORO,SEMAFORO    <br>       <br>   INTERSECCION   CRA. 16 CALLE 45,,,,,-1,0,-1,,
-73.124334,7.1148,SEMAFORO,SEMAFORO    <br>       <br>   INTERSECCION   CRA. 16 CALLE 45,,,,,-1,0,-1,,
-73.124163,7.114882,SEMAFORO,SEMAFORO    <br>       <br>   INTERSECCION   CRA. 16 CALLE 45,,,,,-1,0,-1,,
-73.124227,7.114963,SEMAFORO,SEMAFORO    <br>       <br>   INTERSECCION   CRA. 16 CALLE 45,,,,,-1,0,-1,,
-73.124232,7.11469,SEMAFORO,SEMAFORO    <br>       <br>   INTERSECCION   CRA. 16 CALLE 45,,,,,-1,0,-1,,
-73.124165,7.114748,SEMAFORO,SEMAFORO    <br>       <br>   INTERSECCION   CRA. 16 CALLE 45,,,,,-1,0,-1,,
-73.122999,7.115401,SEMAFORO,SEMAFORO    <br>       <br>   INTERSECCION   CRA. 17 CALLE 45,,,,,-1,0,-1,,
-73.122941,7.115337,SEMAFORO,SEMAFORO    <br>       <br>   INTERSECCION   CRA. 17 CALLE 45,,,,,-1,0,-1,,
-73.122916,7.115236,SEMAFORO,SEMAFORO    <br>       <br>   INTERSECCION   CRA. 17 CALLE 45,,,,,-1,0,-1,,
-73.123021,7.115198,SEMAFORO,SEMAFORO    <br>       <br>   INTERSECCION   CRA. 17 CALLE 45,,,,,-1,0,-1,,
-73.12304,7.115205,SEMAFORO,SEMAFORO    <br>       <br>   INTERSECCION   CRA. 17 CALLE 45,,,,,-1,0,-1,,
-73.12309,7.115271,SEMAFORO,SEMAFORO    <br>       <br>   INTERSECCION   CRA. 17 CALLE 45,,,,,-1,0,-1,,
-73.127054,7.113696,SEMAFORO,SEMAFORO    <br>       <br>   INTERSECCION   CRA. 13 CALLE 45,,,,,-1,0,-1,,
-73.127147,7.113808,SEMAFORO,SEMAFORO    <br>       <br>   INTERSECCION   CRA. 13 CALLE 45,,,,,-1,0,-1,,
-73.127202,7.113616,SEMAFORO,SEMAFORO    <br>       <br>   INTERSECCION   CRA. 13 CALLE 45,,,,,-1,0,-1,,
-73.131115,7.116155,SEMAFORO,SEMAFORO    <br>       <br>   INTERSECCION   CRA. 9 CALLE 37,,,,,-1,0,-1,,
-73.131178,7.116101,SEMAFORO,SEMAFORO    <br>       <br>   INTERSECCION   CRA. 9 CALLE 37,,,,,-1,0,-1,,
-73.131061,7.115994,SEMAFORO,SEMAFORO    <br>       <br>   INTERSECCION   CRA. 9 CALLE 37,,,,,-1,0,-1,,
-73.130993,7.116036,SEMAFORO,SEMAFORO    <br>       <br>   INTERSECCION   CRA. 9 CALLE 37,,,,,-1,0,-1,,
-73.131197,7.116062,SEMAFORO,SEMAFORO    <br>       <br>   INTERSECCION   CRA. 9 CALLE 37,,,,,-1,0,-1,,
-73.131188,7.115983,SEMAFORO,SEMAFORO    <br>       <br>   INTERSECCION   CRA. 9 CALLE 37,,,,,-1,0,-1,,
-73.131553,7.117748,SEMAFORO,SEMAFORO    <br>       <br>   INTERSECCION   CRA. 9 CALLE 34,,,,,-1,0,-1,,
-73.131536,7.11753,SEMAFORO,SEMAFORO    <br>       <br>   INTERSECCION   CRA. 9 CALLE 34,,,,,-1,0,-1,,
-73.131475,7.117608,SEMAFORO,SEMAFORO    <br>       <br>   INTERSECCION   CRA. 9 CALLE 34,,,,,-1,0,-1,,
-73.131409,7.117749,SEMAFORO,SEMAFORO    <br>       <br>   INTERSECCION   CRA. 9 CALLE 34,,,,,-1,0,-1,,
-73.131425,7.117684,SEMAFORO,SEMAFORO    <br>       <br>   INTERSECCION   CRA. 9 CALLE 34,,,,,-1,0,-1,,
-73.127319,7.117621,SEMAFORO,SEMAFORO    <br>       <br>   INTERSECCION   CRA. 14 CALLE 36,,,,,-1,0,-1,,
-73.127298,7.117547,SEMAFORO,SEMAFORO    <br>       <br>   INTERSECCION   CRA. 14 CALLE 36,,,,,-1,0,-1,,
-73.127207,7.117737,SEMAFORO,SEMAFORO    <br>       <br>   INTERSECCION   CRA. 14 CALLE 36,,,,,-1,0,-1,,
-73.127166,7.117663,SEMAFORO,SEMAFORO    <br>       <br>   INTERSECCION   CRA. 14 CALLE 36,,,,,-1,0,-1,,
-73.127164,7.117544,SEMAFORO,SEMAFORO    <br>       <br>   INTERSECCION   CRA. 14 CALLE 36,,,,,-1,0,-1,,
-73.12723,7.117535,SEMAFORO,SEMAFORO    <br>       <br>   INTERSECCION   CRA. 14 CALLE 36,,,,,-1,0,-1,,
-73.125581,7.118247,SEMAFORO,SEMAFORO    <br>       <br>   INTERSECCION   CRA. 16 CALLE 36,,,,,-1,0,-1,,
-73.125557,7.118183,SEMAFORO,SEMAFORO    <br>       <br>   INTERSECCION   CRA. 16 CALLE 36,,,,,-1,0,-1,,
-73.12567,7.118117,SEMAFORO,SEMAFORO    <br>       <br>   INTERSECCION   CRA. 16 CALLE 36,,,,,-1,0,-1,,
-73.125633,7.118055,SEMAFORO,SEMAFORO    <br>       <br>   INTERSECCION   CRA. 16 CALLE 36,,,,,-1,0,-1,,
-73.125614,7.118046,SEMAFORO,SEMAFORO    <br>       <br>   INTERSECCION   CRA. 16 CALLE 36,,,,,-1,0,-1,,
-73.124848,7.118466,SEMAFORO,SEMAFORO    <br>       <br>   INTERSECCION   CRA. 17 CALLES 36,,,,,-1,0,-1,,
-73.124865,7.118509,SEMAFORO,SEMAFORO    <br>       <br>   INTERSECCION   CRA. 17 CALLES 36,,,,,-1,0,-1,,
-73.124946,7.11841,SEMAFORO,SEMAFORO    <br>       <br>   INTERSECCION   CRA. 17 CALLES 36,,,,,-1,0,-1,,
-73.124917,7.11834,SEMAFORO,SEMAFORO    <br>       <br>   INTERSECCION   CRA. 17 CALLES 36,,,,,-1,0,-1,,
-73.124882,7.118327,SEMAFORO,SEMAFORO    <br>       <br>   INTERSECCION   CRA. 17 CALLES 36,,,,,-1,0,-1,,
-73.124803,7.11835,SEMAFORO,SEMAFORO    <br>       <br>   INTERSECCION   CRA. 17 CALLES 36,,,,,-1,0,-1,,
-73.123953,7.118817,SEMAFORO,SEMAFORO    <br>       <br>   INTERSECCION   CRA. 18 CALLE 36,,,,,-1,0,-1,,
-73.123985,7.118884,SEMAFORO,SEMAFORO    <br>       <br>   INTERSECCION   CRA. 18 CALLE 36,,,,,-1,0,-1,,
-73.12401,7.118892,SEMAFORO,SEMAFORO    <br>       <br>   INTERSECCION   CRA. 18 CALLE 36,,,,,-1,0,-1,,
-73.12408,7.118866,SEMAFORO,SEMAFORO    <br>       <br>   INTERSECCION   CRA. 18 CALLE 36,,,,,-1,0,-1,,
-73.124068,7.11876,SEMAFORO,SEMAFORO    <br>       <br>   INTERSECCION   CRA. 18 CALLE 36,,,,,-1,0,-1,,
-73.124037,7.118682,SEMAFORO,SEMAFORO    <br>       <br>   INTERSECCION   CRA. 18 CALLE 36,,,,,-1,0,-1,,
-73.124224,7.119513,SEMAFORO,SEMAFORO    <br>       <br>   INTERSECCION   CRA. 18 CALLE 35,,,,,-1,0,-1,,
-73.124313,7.119491,SEMAFORO,SEMAFORO    <br>       <br>   INTERSECCION   CRA. 18 CALLE 35,,,,,-1,0,-1,,
-73.124279,7.119354,SEMAFORO,SEMAFORO    <br>       <br>   INTERSECCION   CRA. 18 CALLE 35,,,,,-1,0,-1,,
-73.124183,7.1194,SEMAFORO,SEMAFORO    <br>       <br>   INTERSECCION   CRA. 18 CALLE 35,,,,,-1,0,-1,,
-73.124826,7.121247,SEMAFORO,SEMAFORO    <br>       <br>   INTERSECCION   CRA. 18 CALLE 33,,,,,-1,0,-1,,
-73.124907,7.121138,SEMAFORO,SEMAFORO    <br>       <br>   INTERSECCION   CRA. 18 CALLE 33,,,,,-1,0,-1,,
-73.124878,7.121059,SEMAFORO,SEMAFORO    <br>       <br>   INTERSECCION   CRA. 18 CALLE 33,,,,,-1,0,-1,,
-73.124,7.121404,SEMAFORO,SEMAFORO    <br>       <br>   INTERSECCION   CRA. 19 CALLE 33,,,,,-1,0,-1,,
-73.123974,7.121385,SEMAFORO,SEMAFORO    <br>       <br>   INTERSECCION   CRA. 19 CALLE 33,,,,,-1,0,-1,,
-73.123899,7.121404,SEMAFORO,SEMAFORO    <br>       <br>   INTERSECCION   CRA. 19 CALLE 33,,,,,-1,0,-1,,
-73.124701,7.123635,SEMAFORO,SEMAFORO    <br>       <br>   INTERSECCION   CRA. 19  AV. Q. SECA,,,,,-1,0,-1,,
-73.124745,7.123743,SEMAFORO,SEMAFORO    <br>       <br>   INTERSECCION   CRA. 19  AV. Q. SECA,,,,,-1,0,-1,,
-73.124955,7.123646,SEMAFORO,SEMAFORO    <br>       <br>   INTERSECCION   CRA. 19  AV. Q. SECA,,,,,-1,0,-1,,
-73.124842,7.123529,SEMAFORO,SEMAFORO    <br>       <br>   INTERSECCION   CRA. 19  AV. Q. SECA,,,,,-1,0,-1,,
-73.124803,7.123491,SEMAFORO,SEMAFORO    <br>       <br>   INTERSECCION   CRA. 19  AV. Q. SECA,,,,,-1,0,-1,,
-73.124681,7.123457,SEMAFORO,SEMAFORO    <br>       <br>   INTERSECCION   CRA. 19  AV. Q. SECA,,,,,-1,0,-1,,
-73.125682,7.123657,SEMAFORO,SEMAFORO    <br>       <br>   INTERSECCION   CRA. 18 AV. Q. SECA,,,,,-1,0,-1,,
-73.12574,7.12377,SEMAFORO,SEMAFORO    <br>       <br>   INTERSECCION   CRA. 18 AV. Q. SECA,,,,,-1,0,-1,,
-73.125845,7.123815,SEMAFORO,SEMAFORO    <br>       <br>   INTERSECCION   CRA. 18 AV. Q. SECA,,,,,-1,0,-1,,
-73.125934,7.123788,SEMAFORO,SEMAFORO    <br>       <br>   INTERSECCION   CRA. 18 AV. Q. SECA,,,,,-1,0,-1,,
-73.125889,7.123565,SEMAFORO,SEMAFORO    <br>       <br>   INTERSECCION   CRA. 18 AV. Q. SECA,,,,,-1,0,-1,,
-73.125848,7.123446,SEMAFORO,SEMAFORO    <br>       <br>   INTERSECCION   CRA. 18 AV. Q. SECA,,,,,-1,0,-1,,
-73.123285,7.124212,SEMAFORO,SEMAFORO    <br>       <br>   INTERSECCION   CRA. 21  AV. Q. SECA,,,,,-1,0,-1,,
-73.123306,7.124374,SEMAFORO,SEMAFORO    <br>       <br>   INTERSECCION   CRA. 21  AV. Q. SECA,,,,,-1,0,-1,,
-73.123457,7.124045,SEMAFORO,SEMAFORO    <br>       <br>   INTERSECCION   CRA. 21  AV. Q. SECA,,,,,-1,0,-1,,
-73.123382,7.123952,SEMAFORO,SEMAFORO    <br>       <br>   INTERSECCION   CRA. 21  AV. Q. SECA,,,,,-1,0,-1,,
-73.123308,7.123913,SEMAFORO,SEMAFORO    <br>       <br>   INTERSECCION   CRA. 21  AV. Q. SECA,,,,,-1,0,-1,,
-73.12302,7.123203,SEMAFORO,SEMAFORO    <br>       <br>   INTERSECCION   CRA. 21 CALLE 31,,,,,-1,0,-1,,
-73.12293,7.123227,SEMAFORO,SEMAFORO    <br>       <br>   INTERSECCION   CRA. 21 CALLE 31,,,,,-1,0,-1,,
-73.122914,7.123262,SEMAFORO,SEMAFORO    <br>       <br>   INTERSECCION   CRA. 21 CALLE 31,,,,,-1,0,-1,,
-73.122947,7.12334,SEMAFORO,SEMAFORO    <br>       <br>   INTERSECCION   CRA. 21 CALLE 31,,,,,-1,0,-1,,
-73.122064,7.121101,SEMAFORO,SEMAFORO    <br>       <br>   INTERSECCION   CRA. 21 CALLE 34,,,,,-1,0,-1,,
-73.122055,7.12112,SEMAFORO,SEMAFORO    <br>       <br>   INTERSECCION   CRA. 21 CALLE 34,,,,,-1,0,-1,,
-73.122082,7.121204,SEMAFORO,SEMAFORO    <br>       <br>   INTERSECCION   CRA. 21 CALLE 34,,,,,-1,0,-1,,
-73.122152,7.121069,SEMAFORO,SEMAFORO    <br>       <br>   INTERSECCION   CRA. 21 CALLE 34,,,,,-1,0,-1,,
-73.121373,7.119568,SEMAFORO,SEMAFORO    <br>       <br>   INTERSECCION   CRA. 21 CALLE 36,,,,,-1,0,-1,,
-73.121396,7.119653,SEMAFORO,SEMAFORO    <br>       <br>   INTERSECCION   CRA. 21 CALLE 36,,,,,-1,0,-1,,
-73.121423,7.119723,SEMAFORO,SEMAFORO    <br>       <br>   INTERSECCION   CRA. 21 CALLE 36,,,,,-1,0,-1,,
-73.121524,7.119495,SEMAFORO,SEMAFORO    <br>       <br>   INTERSECCION   CRA. 21 CALLE 36,,,,,-1,0,-1,,
-73.121427,7.119522,SEMAFORO,SEMAFORO    <br>       <br>   INTERSECCION   CRA. 21 CALLE 36,,,,,-1,0,-1,,
-73.12162,7.119576,SEMAFORO,SEMAFORO    <br>       <br>   INTERSECCION   CRA. 21 CALLE 36,,,,,-1,0,-1,,
-73.121575,7.1195,SEMAFORO,SEMAFORO    <br>       <br>   INTERSECCION   CRA. 21 CALLE 36,,,,,-1,0,-1,,
-73.119107,7.120443,SEMAFORO,SEMAFORO    <br>       <br>   INTERSECCION   CRA. 24 CALLE 36,,,,,-1,0,-1,,
-73.119071,7.12038,SEMAFORO,SEMAFORO    <br>       <br>   INTERSECCION   CRA. 24 CALLE 36,,,,,-1,0,-1,,
-73.119,7.120562,SEMAFORO,SEMAFORO    <br>       <br>   INTERSECCION   CRA. 24 CALLE 36,,,,,-1,0,-1,,
-73.118967,7.120499,SEMAFORO,SEMAFORO    <br>       <br>   INTERSECCION   CRA. 24 CALLE 36,,,,,-1,0,-1,,
-73.119033,7.120568,SEMAFORO,SEMAFORO    <br>       <br>   INTERSECCION   CRA. 24 CALLE 36,,,,,-1,0,-1,,
-73.120631,7.119984,SEMAFORO,SEMAFORO    <br>       <br>   INTERSECCION   CRA. 22 CALLE 36,,,,,-1,0,-1,,
-73.120599,7.119926,SEMAFORO,SEMAFORO    <br>       <br>   INTERSECCION   CRA. 22 CALLE 36,,,,,-1,0,-1,,
-73.120758,7.119978,SEMAFORO,SEMAFORO    <br>       <br>   INTERSECCION   CRA. 22 CALLE 36,,,,,-1,0,-1,,
-73.120691,7.120004,SEMAFORO,SEMAFORO    <br>       <br>   INTERSECCION   CRA. 22 CALLE 36,,,,,-1,0,-1,,
-73.120763,7.119864,SEMAFORO,SEMAFORO    <br>       <br>   INTERSECCION   CRA. 22 CALLE 36,,,,,-1,0,-1,,
-73.120706,7.119805,SEMAFORO,SEMAFORO    <br>       <br>   INTERSECCION   CRA. 22 CALLE 36,,,,,-1,0,-1,,
-73.121042,7.120653,SEMAFORO,SEMAFORO    <br>       <br>   INTERSECCION   CRA. 22 CALLE 35,,,,,-1,0,-1,,
-73.121012,7.12058,SEMAFORO,SEMAFORO    <br>       <br>   INTERSECCION   CRA. 22 CALLE 35,,,,,-1,0,-1,,
-73.120937,7.120709,SEMAFORO,SEMAFORO    <br>       <br>   INTERSECCION   CRA. 22 CALLE 35,,,,,-1,0,-1,,
-73.121031,7.120683,SEMAFORO,SEMAFORO    <br>       <br>   INTERSECCION   CRA. 22 CALLE 35,,,,,-1,0,-1,,
-73.112672,7.131111,SEMAFORO,SEMAFORO    <br>       <br>   INTERSECCION   CRA.33A. AV. Q. SECA,,,,,-1,0,-1,,
-73.112682,7.130837,SEMAFORO,SEMAFORO    <br>       <br>   INTERSECCION   CRA.33A. AV. Q. SECA,,,,,-1,0,-1,,
-73.115295,7.125318,SEMAFORO,SEMAFORO    <br>       <br>   INTERSECCION   CRA. 30 CALLE 33,,,,,-1,0,-1,,
-73.115303,7.12529,SEMAFORO,SEMAFORO    <br>       <br>   INTERSECCION   CRA. 30 CALLE 33,,,,,-1,0,-1,,
-73.115267,7.1252,SEMAFORO,SEMAFORO    <br>       <br>   INTERSECCION   CRA. 30 CALLE 33,,,,,-1,0,-1,,
-73.11563,7.126097,SEMAFORO,SEMAFORO    <br>       <br>   INTERSECCION   CRA. 30 CALLE 32,,,,,-1,0,-1,,
-73.11571,7.126063,SEMAFORO,SEMAFORO    <br>       <br>   INTERSECCION   CRA. 30 CALLE 32,,,,,-1,0,-1,,
-73.115713,7.126036,SEMAFORO,SEMAFORO    <br>       <br>   INTERSECCION   CRA. 30 CALLE 32,,,,,-1,0,-1,,
-73.115658,7.125937,SEMAFORO,SEMAFORO    <br>       <br>   INTERSECCION   CRA. 30 CALLE 32,,,,,-1,0,-1,,
-73.114758,7.124351,SEMAFORO,SEMAFORO    <br>       <br>   INTERSECCION   CRA. 30 CALLE 34,,,,,-1,0,-1,,
-73.114667,7.124396,SEMAFORO,SEMAFORO    <br>       <br>   INTERSECCION   CRA. 30 CALLE 34,,,,,-1,0,-1,,
-73.114636,7.124393,SEMAFORO,SEMAFORO    <br>       <br>   INTERSECCION   CRA. 30 CALLE 34,,,,,-1,0,-1,,
-73.114588,7.124303,SEMAFORO,SEMAFORO    <br>       <br>   INTERSECCION   CRA. 30 CALLE 34,,,,,-1,0,-1,,
-73.116144,7.123549,SEMAFORO,SEMAFORO    <br>       <br>   INTERSECCION   CRA. 28 CALLE 34,,,,,-1,0,-1,,
-73.116107,7.123469,SEMAFORO,SEMAFORO    <br>       <br>   INTERSECCION   CRA. 28 CALLE 34,,,,,-1,0,-1,,
-73.11611,7.123439,SEMAFORO,SEMAFORO    <br>       <br>   INTERSECCION   CRA. 28 CALLE 34,,,,,-1,0,-1,,
-73.116203,7.123393,SEMAFORO,SEMAFORO    <br>       <br>   INTERSECCION   CRA. 28 CALLE 34,,,,,-1,0,-1,,
-73.115303,7.122059,SEMAFORO,SEMAFORO    <br>       <br>   INTERSECCION   CRA. 28 CALLE 36,,,,,-1,0,-1,,
-73.115432,7.121904,SEMAFORO,SEMAFORO    <br>       <br>   INTERSECCION   CRA. 28 CALLE 36,,,,,-1,0,-1,,
-73.113395,7.118283,SEMAFORO,SEMAFORO    <br>       <br>   INTERSECCION   CRA. 28 CALLE 45,,,,,-1,0,-1,,
-73.113312,7.118299,SEMAFORO,SEMAFORO    <br>       <br>   INTERSECCION   CRA. 28 CALLE 45,,,,,-1,0,-1,,
-73.113301,7.118314,SEMAFORO,SEMAFORO    <br>       <br>   INTERSECCION   CRA. 28 CALLE 45,,,,,-1,0,-1,,
-73.113319,7.118409,SEMAFORO,SEMAFORO    <br>       <br>   INTERSECCION   CRA. 28 CALLE 45,,,,,-1,0,-1,,
-73.112388,7.118655,SEMAFORO,SEMAFORO    <br>       <br>   INTERSECCION   CRA. 29 CALLE 45,,,,,-1,0,-1,,
-73.112366,7.118567,SEMAFORO,SEMAFORO    <br>       <br>   INTERSECCION   CRA. 29 CALLE 45,,,,,-1,0,-1,,
-73.112411,7.118662,SEMAFORO,SEMAFORO    <br>       <br>   INTERSECCION   CRA. 29 CALLE 45,,,,,-1,0,-1,,
-73.112486,7.118642,SEMAFORO,SEMAFORO    <br>       <br>   INTERSECCION   CRA. 29 CALLE 45,,,,,-1,0,-1,,
-73.114313,7.118154,SEMAFORO,SEMAFORO    <br>       <br>   INTERSECCION   CRA. 27A CALLE 45,,,,,-1,0,-1,,
-73.114229,7.118176,SEMAFORO,SEMAFORO    <br>       <br>   INTERSECCION   CRA. 27A CALLE 45,,,,,-1,0,-1,,
-73.114201,7.118167,SEMAFORO,SEMAFORO    <br>       <br>   INTERSECCION   CRA. 27A CALLE 45,,,,,-1,0,-1,,
-73.114176,7.118084,SEMAFORO,SEMAFORO    <br>       <br>   INTERSECCION   CRA. 27A CALLE 45,,,,,-1,0,-1,,
-73.114099,7.116635,SEMAFORO,SEMAFORO    <br>       <br>   INTERSECCION   CRA. 27A CALLE 48,,,,,-1,0,-1,,
-73.114181,7.116646,SEMAFORO,SEMAFORO    <br>       <br>   INTERSECCION   CRA. 27A CALLE 48,,,,,-1,0,-1,,
-73.114199,7.116633,SEMAFORO,SEMAFORO    <br>       <br>   INTERSECCION   CRA. 27A CALLE 48,,,,,-1,0,-1,,
-73.114209,7.116549,SEMAFORO,SEMAFORO    <br>       <br>   INTERSECCION   CRA. 27A CALLE 48,,,,,-1,0,-1,,
-73.113286,7.116519,SEMAFORO,SEMAFORO    <br>       <br>   INTERSECCION   CRA. 28 CALLE 48,,,,,-1,0,-1,,
-73.113293,7.116446,SEMAFORO,SEMAFORO    <br>       <br>   INTERSECCION   CRA. 28 CALLE 48,,,,,-1,0,-1,,
-73.113274,7.116425,SEMAFORO,SEMAFORO    <br>       <br>   INTERSECCION   CRA. 28 CALLE 48,,,,,-1,0,-1,,
-73.113189,7.116407,SEMAFORO,SEMAFORO    <br>       <br>   INTERSECCION   CRA. 28 CALLE 48,,,,,-1,0,-1,,
-73.112335,7.116337,SEMAFORO,SEMAFORO    <br>       <br>   INTERSECCION   CRA. 29 CALLE 48,,,,,-1,0,-1,,
-73.112322,7.116412,SEMAFORO,SEMAFORO    <br>       <br>   INTERSECCION   CRA. 29 CALLE 48,,,,,-1,0,-1,,
-73.112298,7.116447,SEMAFORO,SEMAFORO    <br>       <br>   INTERSECCION   CRA. 29 CALLE 48,,,,,-1,0,-1,,
-73.112089,7.116457,SEMAFORO,SEMAFORO    <br>       <br>   INTERSECCION   CRA. 29 CALLE 48,,,,,-1,0,-1,,
-73.111989,7.11647,SEMAFORO,SEMAFORO    <br>       <br>   INTERSECCION   CRA. 29 CALLE 48,,,,,-1,0,-1,,
-73.112178,7.112883,SEMAFORO,SEMAFORO    <br>       <br>   INTERSECCION   CRA. 31 CALLE 52,,,,,-1,0,-1,,
-73.112286,7.112881,SEMAFORO,SEMAFORO    <br>       <br>   INTERSECCION   CRA. 31 CALLE 52,,,,,-1,0,-1,,
-73.112169,7.112789,SEMAFORO,SEMAFORO    <br>       <br>   INTERSECCION   CRA. 31 CALLE 52,,,,,-1,0,-1,,
-73.127977,7.117464,SEMAFORO,SEMAFORO    <br>       <br>   INTERSECCION   CRA. 13 CALLE  36,,,,,-1,0,-1,,
-73.128012,7.117542,SEMAFORO,SEMAFORO    <br>       <br>   INTERSECCION   CRA. 13 CALLE  36,,,,,-1,0,-1,,
-73.128031,7.117555,SEMAFORO,SEMAFORO    <br>       <br>   INTERSECCION   CRA. 13 CALLE  36,,,,,-1,0,-1,,
-73.128104,7.117534,SEMAFORO,SEMAFORO    <br>       <br>   INTERSECCION   CRA. 13 CALLE  36,,,,,-1,0,-1,,
-73.128056,7.117355,SEMAFORO,SEMAFORO    <br>       <br>   INTERSECCION   CRA. 13 CALLE  36,,,,,-1,0,-1,,
-73.127901,7.116995,SEMAFORO,SEMAFORO    <br>       <br>   INTERSECCION   CRA. 13 CALLE  37,,,,,-1,0,-1,,
-73.127909,7.116979,SEMAFORO,SEMAFORO    <br>       <br>   INTERSECCION   CRA. 13 CALLE  37,,,,,-1,0,-1,,
-73.127857,7.117003,SEMAFORO,SEMAFORO    <br>       <br>   INTERSECCION   CRA. 13 CALLE  37,,,,,-1,0,-1,,
-73.127894,7.116915,SEMAFORO,SEMAFORO    <br>       <br>   INTERSECCION   CRA. 13 CALLE  37,,,,,-1,0,-1,,
-73.127114,7.117044,SEMAFORO,SEMAFORO    <br>       <br>   INTERSECCION   CRA. 14 CALLE 37,,,,,-1,0,-1,,
-73.127097,7.117032,SEMAFORO,SEMAFORO    <br>       <br>   INTERSECCION   CRA. 14 CALLE 37,,,,,-1,0,-1,,
-73.127022,7.117048,SEMAFORO,SEMAFORO    <br>       <br>   INTERSECCION   CRA. 14 CALLE 37,,,,,-1,0,-1,,
-73.127134,7.117125,SEMAFORO,SEMAFORO    <br>       <br>   INTERSECCION   CRA. 14 CALLE 37,,,,,-1,0,-1,,
-73.126101,7.117231,SEMAFORO,SEMAFORO    <br>       <br>   INTERSECCION   CRA. 15 CALLE 37,,,,,-1,0,-1,,
-73.126028,7.117259,SEMAFORO,SEMAFORO    <br>       <br>   INTERSECCION   CRA. 15 CALLE 37,,,,,-1,0,-1,,
-73.126183,7.117345,SEMAFORO,SEMAFORO    <br>       <br>   INTERSECCION   CRA. 15 CALLE 37,,,,,-1,0,-1,,
-73.126258,7.117317,SEMAFORO,SEMAFORO    <br>       <br>   INTERSECCION   CRA. 15 CALLE 37,,,,,-1,0,-1,,
-73.126272,7.117294,SEMAFORO,SEMAFORO    <br>       <br>   INTERSECCION   CRA. 15 CALLE 37,,,,,-1,0,-1,,
-73.126249,7.117206,SEMAFORO,SEMAFORO    <br>       <br>   INTERSECCION   CRA. 15 CALLE 37,,,,,-1,0,-1,,
-73.123061,7.119308,SEMAFORO,SEMAFORO    <br>       <br>   INTERSECCION   CRA. 19 CALLE 36,,,,,-1,0,-1,,
-73.123099,7.119319,SEMAFORO,SEMAFORO    <br>       <br>   INTERSECCION   CRA. 19 CALLE 36,,,,,-1,0,-1,,
-73.123187,7.119261,SEMAFORO,SEMAFORO    <br>       <br>   INTERSECCION   CRA. 19 CALLE 36,,,,,-1,0,-1,,
-73.123157,7.11912,SEMAFORO,SEMAFORO    <br>       <br>   INTERSECCION   CRA. 19 CALLE 36,,,,,-1,0,-1,,
-73.123197,7.119212,SEMAFORO,SEMAFORO    <br>       <br>   INTERSECCION   CRA. 19 CALLE 36,,,,,-1,0,-1,,
-73.123108,7.119045,SEMAFORO,SEMAFORO    <br>       <br>   INTERSECCION   CRA. 19 CALLE 36,,,,,-1,0,-1,,
-73.123008,7.119089,SEMAFORO,SEMAFORO    <br>       <br>   INTERSECCION   CRA. 19 CALLE 36,,,,,-1,0,-1,,
-73.114375,7.130051,SEMAFORO,SEMAFORO    <br>       <br>   INTERSECCION   CRA.33  AV. Q. SECA,,,,,-1,0,-1,,
-73.114447,7.130125,SEMAFORO,SEMAFORO    <br>       <br>   INTERSECCION   CRA.33  AV. Q. SECA,,,,,-1,0,-1,,
-73.114333,7.129916,SEMAFORO,SEMAFORO    <br>       <br>   INTERSECCION   CRA.33  AV. Q. SECA,,,,,-1,0,-1,,
-73.114399,7.129877,SEMAFORO,SEMAFORO    <br>       <br>   INTERSECCION   CRA.33  AV. Q. SECA,,,,,-1,0,-1,,
-73.11457,7.129893,SEMAFORO,SEMAFORO    <br>       <br>   INTERSECCION   CRA.33  AV. Q. SECA,,,,,-1,0,-1,,
-73.116723,7.128523,SEMAFORO,SEMAFORO    <br>       <br>   INTERSECCION   CRA. 30 AV. Q. SECA,,,,,-1,0,-1,,
-73.11678,7.128648,SEMAFORO,SEMAFORO    <br>       <br>   INTERSECCION   CRA. 30 AV. Q. SECA,,,,,-1,0,-1,,
-73.115246,7.122009,SEMAFORO,SEMAFORO    <br>       <br>   INTERSECCION   CRA. 28 CALLE 36,,,,,-1,0,-1,,
-73.115379,7.121794,SEMAFORO,SEMAFORO    <br>       <br>   INTERSECCION   CRA. 28 CALLE 36,,,,,-1,0,-1,,
-73.115315,7.121757,SEMAFORO,SEMAFORO    <br>       <br>   INTERSECCION   CRA. 28 CALLE 36,,,,,-1,0,-1,,
-73.115398,7.121835,SEMAFORO,SEMAFORO    <br>       <br>   INTERSECCION   CRA. 28 CALLE 36,,,,,-1,0,-1,,
-73.115204,7.125363,SEMAFORO,SEMAFORO    <br>       <br>   INTERSECCION   CRA. 30 CALLE 33,,,,,-1,0,-1,,
-73.11347,7.112138,SEMAFORO,SEMAFORO    <br>       <br>   INTERSECCION   AV. G. VALENCIA CALLE 54,,,,,-1,0,-1,,
-73.111106,7.109482,SEMAFORO,SEMAFORO    <br>       <br>   INTERSECCION   CRA. 32 CALLE 56 (AV. G. VAL.),,,,,-1,0,-1,,
-73.110899,7.109509,SEMAFORO,SEMAFORO    <br>       <br>   INTERSECCION   CRA. 32 CALLE 56 (AV. G. VAL.),,,,,-1,0,-1,,
-73.110916,7.109587,SEMAFORO,SEMAFORO    <br>       <br>   INTERSECCION   CRA. 32 CALLE 56 (AV. G. VAL.),,,,,-1,0,-1,,
-73.110767,7.107924,SEMAFORO,SEMAFORO    <br>       <br>   INTERSECCION   AV. G. VALENCIA CALLE 62,,,,,-1,0,-1,,
-73.110837,7.107883,SEMAFORO,SEMAFORO    <br>       <br>   INTERSECCION   AV. G. VALENCIA CALLE 62,,,,,-1,0,-1,,
-73.110657,7.107882,SEMAFORO,SEMAFORO    <br>       <br>   INTERSECCION   AV. G. VALENCIA CALLE 62,,,,,-1,0,-1,,
-73.110646,7.107806,SEMAFORO,SEMAFORO    <br>       <br>   INTERSECCION   AV. G. VALENCIA CALLE 62,,,,,-1,0,-1,,
-73.118073,7.117063,SEMAFORO,SEMAFORO    <br>       <br>   INTERSECCION   CRA. 23 AV. ROSITA,,,,,-1,0,-1,,
-73.11846,7.117277,SEMAFORO,SEMAFORO    <br>       <br>   INTERSECCION   CRA. 23 AV. ROSITA,,,,,-1,0,-1,,
-73.118384,7.117237,SEMAFORO,SEMAFORO    <br>       <br>   INTERSECCION   CRA. 23 AV. ROSITA,,,,,-1,0,-1,,
-73.118557,7.117048,SEMAFORO,SEMAFORO    <br>       <br>   INTERSECCION   CRA. 23 AV. ROSITA,,,,,-1,0,-1,,
-73.118642,7.116903,SEMAFORO,SEMAFORO    <br>       <br>   INTERSECCION   CRA. 23 AV. ROSITA,,,,,-1,0,-1,,
-73.118539,7.116805,SEMAFORO,SEMAFORO    <br>       <br>   INTERSECCION   CRA. 23 AV. ROSITA,,,,,-1,0,-1,,
-73.118404,7.116862,SEMAFORO,SEMAFORO    <br>       <br>   INTERSECCION   CRA. 23 AV. ROSITA,,,,,-1,0,-1,,
-73.118299,7.11686,SEMAFORO,SEMAFORO    <br>       <br>   INTERSECCION   CRA. 23 AV. ROSITA,,,,,-1,0,-1,,
-73.118193,7.116833,SEMAFORO,SEMAFORO    <br>       <br>   INTERSECCION   CRA. 23 AV. ROSITA,,,,,-1,0,-1,,
-73.117979,7.116923,SEMAFORO,SEMAFORO    <br>       <br>   INTERSECCION   CRA. 23 AV. ROSITA,,,,,-1,0,-1,,
-73.118056,7.116883,SEMAFORO,SEMAFORO    <br>       <br>   INTERSECCION   CRA. 23 AV. ROSITA,,,,,-1,0,-1,,
-73.119622,7.117433,SEMAFORO,SEMAFORO    <br>       <br>   INTERSECCION   CRA. 22 CALLE 41,,,,,-1,0,-1,,
-73.119528,7.117446,SEMAFORO,SEMAFORO    <br>       <br>   INTERSECCION   CRA. 22 CALLE 41,,,,,-1,0,-1,,
-73.119502,7.117434,SEMAFORO,SEMAFORO    <br>       <br>   INTERSECCION   CRA. 22 CALLE 41,,,,,-1,0,-1,,
-73.119992,7.116328,SEMAFORO,SEMAFORO    <br>       <br>   INTERSECCION   CRA. 21 CALLE 45,,,,,-1,0,-1,,
-73.119972,7.116245,SEMAFORO,SEMAFORO    <br>       <br>   INTERSECCION   CRA. 21 CALLE 45,,,,,-1,0,-1,,
-73.119911,7.116248,SEMAFORO,SEMAFORO    <br>       <br>   INTERSECCION   CRA. 21 CALLE 45,,,,,-1,0,-1,,
-73.119799,7.116268,SEMAFORO,SEMAFORO    <br>       <br>   INTERSECCION   CRA. 21 CALLE 45,,,,,-1,0,-1,,
-73.119841,7.116455,SEMAFORO,SEMAFORO    <br>       <br>   INTERSECCION   CRA. 21 CALLE 45,,,,,-1,0,-1,,
-73.119808,7.116382,SEMAFORO,SEMAFORO    <br>       <br>   INTERSECCION   CRA. 21 CALLE 45,,,,,-1,0,-1,,
-73.119418,7.115097,SEMAFORO,SEMAFORO    <br>       <br>   INTERSECCION   CRA. 21 AV. ROSITA,,,,,-1,0,-1,,
-73.119333,7.115178,SEMAFORO,SEMAFORO    <br>       <br>   INTERSECCION   CRA. 21 AV. ROSITA,,,,,-1,0,-1,,
-73.119438,7.1151,SEMAFORO,SEMAFORO    <br>       <br>   INTERSECCION   CRA. 21 AV. ROSITA,,,,,-1,0,-1,,
-73.119478,7.1152,SEMAFORO,SEMAFORO    <br>       <br>   INTERSECCION   CRA. 21 AV. ROSITA,,,,,-1,0,-1,,
-73.119395,7.115422,SEMAFORO,SEMAFORO    <br>       <br>   INTERSECCION   CRA. 21 AV. ROSITA,,,,,-1,0,-1,,
-73.119348,7.11534,SEMAFORO,SEMAFORO    <br>       <br>   INTERSECCION   CRA. 21 AV. ROSITA,,,,,-1,0,-1,,
-73.121115,7.113963,SEMAFORO,SEMAFORO    <br>       <br>   INTERSECCION   CRA. 18 AV. ROSITA,,,,,-1,0,-1,,
-73.121181,7.113931,SEMAFORO,SEMAFORO    <br>       <br>   INTERSECCION   CRA. 18 AV. ROSITA,,,,,-1,0,-1,,
-73.12108,7.113959,SEMAFORO,SEMAFORO    <br>       <br>   INTERSECCION   CRA. 18 AV. ROSITA,,,,,-1,0,-1,,
-73.121026,7.113891,SEMAFORO,SEMAFORO    <br>       <br>   INTERSECCION   CRA. 18 AV. ROSITA,,,,,-1,0,-1,,
-73.121134,7.113826,SEMAFORO,SEMAFORO    <br>       <br>   INTERSECCION   CRA. 18 AV. ROSITA,,,,,-1,0,-1,,
-73.121087,7.113747,SEMAFORO,SEMAFORO    <br>       <br>   INTERSECCION   CRA. 18 AV. ROSITA,,,,,-1,0,-1,,
-73.116036,7.114794,SEMAFORO,SEMAFORO    <br>       <br>   INTERSECCION   AV. G. VALENCIA CALLE 50,,,,,-1,0,-1,,
-73.116072,7.114726,SEMAFORO,SEMAFORO    <br>       <br>   INTERSECCION   AV. G. VALENCIA CALLE 50,,,,,-1,0,-1,,
-73.115884,7.114641,SEMAFORO,SEMAFORO    <br>       <br>   INTERSECCION   AV. G. VALENCIA CALLE 50,,,,,-1,0,-1,,
-73.11587,7.114735,SEMAFORO,SEMAFORO    <br>       <br>   INTERSECCION   AV. G. VALENCIA CALLE 50,,,,,-1,0,-1,,
-73.115924,7.114831,SEMAFORO,SEMAFORO    <br>       <br>   INTERSECCION   AV. G. VALENCIA CALLE 50,,,,,-1,0,-1,,
-73.115876,7.11476,SEMAFORO,SEMAFORO    <br>       <br>   INTERSECCION   AV. G. VALENCIA CALLE 50,,,,,-1,0,-1,,
-73.102403,7.096546,SEMAFORO,SEMAFORO    <br>       <br>   INTERSECCION   TRANSV. ORIENTAL S. BARBARA,,,,,-1,0,-1,,
-73.10246,7.096477,SEMAFORO,SEMAFORO    <br>       <br>   INTERSECCION   TRANSV. ORIENTAL S. BARBARA,,,,,-1,0,-1,,
-73.102488,7.096409,SEMAFORO,SEMAFORO    <br>       <br>   INTERSECCION   TRANSV. ORIENTAL S. BARBARA,,,,,-1,0,-1,,
-73.102327,7.096431,SEMAFORO,SEMAFORO    <br>       <br>   INTERSECCION   TRANSV. ORIENTAL S. BARBARA,,,,,-1,0,-1,,
-73.122786,7.113013,SEMAFORO,SEMAFORO    <br>       <br>   INTERSECCION   DIAG. 15 AV. ROSITA,,,,,-1,0,-1,,
-73.122845,7.112887,SEMAFORO,SEMAFORO    <br>       <br>   INTERSECCION   DIAG. 15 AV. ROSITA,,,,,-1,0,-1,,
-73.122579,7.112953,SEMAFORO,SEMAFORO    <br>       <br>   INTERSECCION   DIAG. 15 AV. ROSITA,,,,,-1,0,-1,,
-73.122741,7.113158,SEMAFORO,SEMAFORO    <br>       <br>   INTERSECCION   DIAG. 15 AV. ROSITA,,,,,-1,0,-1,,
-73.12265,7.113154,SEMAFORO,SEMAFORO    <br>       <br>   INTERSECCION   DIAG. 15 AV. ROSITA,,,,,-1,0,-1,,
-73.122541,7.1131,SEMAFORO,SEMAFORO    <br>       <br>   INTERSECCION   DIAG. 15 AV. ROSITA,,,,,-1,0,-1,,
-73.118534,7.113099,SEMAFORO,SEMAFORO    <br>       <br>   INTERSECCION   CRA. 21 CALLE 50,,,,,-1,0,-1,,
-73.118446,7.113166,SEMAFORO,SEMAFORO    <br>       <br>   INTERSECCION   CRA. 21 CALLE 50,,,,,-1,0,-1,,
-73.118479,7.113285,SEMAFORO,SEMAFORO    <br>       <br>   INTERSECCION   CRA. 21 CALLE 50,,,,,-1,0,-1,,
-73.118433,7.113197,SEMAFORO,SEMAFORO    <br>       <br>   INTERSECCION   CRA. 21 CALLE 50,,,,,-1,0,-1,,
-73.120722,7.110072,SEMAFORO,SEMAFORO    <br>       <br>   INTERSECCION   CRA. 17 CALLE 52,,,,,-1,0,-1,,
-73.120688,7.110004,SEMAFORO,SEMAFORO    <br>       <br>   INTERSECCION   CRA. 17 CALLE 52,,,,,-1,0,-1,,
-73.120712,7.110111,SEMAFORO,SEMAFORO    <br>       <br>   INTERSECCION   CRA. 17 CALLE 52,,,,,-1,0,-1,,
-73.120507,7.110055,SEMAFORO,SEMAFORO    <br>       <br>   INTERSECCION   CRA. 17 CALLE 52,,,,,-1,0,-1,,
-73.120075,7.108287,SEMAFORO,SEMAFORO    <br>       <br>   INTERSECCION   CRA. 17 CALLE 55,,,,,-1,0,-1,,
-73.120049,7.108196,SEMAFORO,SEMAFORO    <br>       <br>   INTERSECCION   CRA. 17 CALLE 55,,,,,-1,0,-1,,
-73.119886,7.108251,SEMAFORO,SEMAFORO    <br>       <br>   INTERSECCION   CRA. 17 CALLE 55,,,,,-1,0,-1,,
-73.120071,7.108321,SEMAFORO,SEMAFORO    <br>       <br>   INTERSECCION   CRA. 17 CALLE 55,,,,,-1,0,-1,,
-73.117776,7.109091,SEMAFORO,SEMAFORO    <br>       <br>   INTERSECCION   DIAG. 15 CALLE 55,,,,,-1,0,-1,,
-73.117673,7.109022,SEMAFORO,SEMAFORO    <br>       <br>   INTERSECCION   DIAG. 15 CALLE 55,,,,,-1,0,-1,,
-73.117781,7.109115,SEMAFORO,SEMAFORO    <br>       <br>   INTERSECCION   DIAG. 15 CALLE 55,,,,,-1,0,-1,,
-73.117696,7.10918,SEMAFORO,SEMAFORO    <br>       <br>   INTERSECCION   DIAG. 15 CALLE 55,,,,,-1,0,-1,,
-73.11754,7.109053,SEMAFORO,SEMAFORO    <br>       <br>   INTERSECCION   DIAG. 15 CALLE 55,,,,,-1,0,-1,,
-73.117408,7.109092,SEMAFORO,SEMAFORO    <br>       <br>   INTERSECCION   DIAG. 15 CALLE 55,,,,,-1,0,-1,,
-73.116704,7.10941,SEMAFORO,SEMAFORO    <br>       <br>   INTERSECCION   CRA. 21 CALLE 55,,,,,-1,0,-1,,
-73.116685,7.109401,SEMAFORO,SEMAFORO    <br>       <br>   INTERSECCION   CRA. 21 CALLE 55,,,,,-1,0,-1,,
-73.116578,7.109429,SEMAFORO,SEMAFORO    <br>       <br>   INTERSECCION   CRA. 21 CALLE 55,,,,,-1,0,-1,,
-73.116454,7.108764,SEMAFORO,SEMAFORO    <br>       <br>   INTERSECCION   CRA. 21 CALLE 56,,,,,-1,0,-1,,
-73.1164,7.108692,SEMAFORO,SEMAFORO    <br>       <br>   INTERSECCION   CRA. 21 CALLE 56,,,,,-1,0,-1,,
-73.116384,7.108683,SEMAFORO,SEMAFORO    <br>       <br>   INTERSECCION   CRA. 21 CALLE 56,,,,,-1,0,-1,,
-73.116268,7.108699,SEMAFORO,SEMAFORO    <br>       <br>   INTERSECCION   CRA. 21 CALLE 56,,,,,-1,0,-1,,
-73.116311,7.1088,SEMAFORO,SEMAFORO    <br>       <br>   INTERSECCION   CRA. 21 CALLE 56,,,,,-1,0,-1,,
-73.116335,7.108869,SEMAFORO,SEMAFORO    <br>       <br>   INTERSECCION   CRA. 21 CALLE 56,,,,,-1,0,-1,,
-73.11679,7.108607,SEMAFORO,SEMAFORO    <br>       <br>   INTERSECCION   DIAG. 15 CALLE 56,,,,,-1,0,-1,,
-73.116853,7.108659,SEMAFORO,SEMAFORO    <br>       <br>   INTERSECCION   DIAG. 15 CALLE 56,,,,,-1,0,-1,,
-73.117016,7.108617,SEMAFORO,SEMAFORO    <br>       <br>   INTERSECCION   DIAG. 15 CALLE 56,,,,,-1,0,-1,,
-73.117118,7.108566,SEMAFORO,SEMAFORO    <br>       <br>   INTERSECCION   DIAG. 15 CALLE 56,,,,,-1,0,-1,,
-73.117047,7.108489,SEMAFORO,SEMAFORO    <br>       <br>   INTERSECCION   DIAG. 15 CALLE 56,,,,,-1,0,-1,,
-73.116989,7.10844,SEMAFORO,SEMAFORO    <br>       <br>   INTERSECCION   DIAG. 15 CALLE 56,,,,,-1,0,-1,,
-73.116801,7.108455,SEMAFORO,SEMAFORO    <br>       <br>   INTERSECCION   DIAG. 15 CALLE 56,,,,,-1,0,-1,,
-73.116715,7.108529,SEMAFORO,SEMAFORO    <br>       <br>   INTERSECCION   DIAG. 15 CALLE 56,,,,,-1,0,-1,,
-73.118172,7.108944,SEMAFORO,SEMAFORO    <br>       <br>   INTERSECCION   CRA. 17C CALLE 55,,,,,-1,0,-1,,
-73.118142,7.108847,SEMAFORO,SEMAFORO    <br>       <br>   INTERSECCION   CRA. 17C CALLE 55,,,,,-1,0,-1,,
-73.118073,7.108985,SEMAFORO,SEMAFORO    <br>       <br>   INTERSECCION   CRA. 17C CALLE 55,,,,,-1,0,-1,,
-73.115761,7.108864,SEMAFORO,SEMAFORO    <br>       <br>   INTERSECCION   CRA. 22 CALLE 56,,,,,-1,0,-1,,
-73.115748,7.108793,SEMAFORO,SEMAFORO    <br>       <br>   INTERSECCION   CRA. 22 CALLE 56,,,,,-1,0,-1,,
-73.115771,7.108958,SEMAFORO,SEMAFORO    <br>       <br>   INTERSECCION   CRA. 22 CALLE 56,,,,,-1,0,-1,,
-73.11568,7.108966,SEMAFORO,SEMAFORO    <br>       <br>   INTERSECCION   CRA. 22 CALLE 56,,,,,-1,0,-1,,
-73.120247,7.109422,SEMAFORO,SEMAFORO    <br>       <br>   INTERSECCION   CRA. 17 CALLE 53,,,,,-1,0,-1,,
-73.120224,7.109354,SEMAFORO,SEMAFORO    <br>       <br>   INTERSECCION   CRA. 17 CALLE 53,,,,,-1,0,-1,,
-73.11564,7.108885,SEMAFORO,SEMAFORO    <br>       <br>   INTERSECCION   CRA. 22 CALLE 56,,,,,-1,0,-1,,
-73.123016,7.119209,SEMAFORO,SEMAFORO    <br>       <br>   INTERSECCION   CRA. 19 CALLE 36,,,,,-1,0,-1,,
-73.123123,7.119045,SEMAFORO,SEMAFORO    <br>       <br>   INTERSECCION   CRA. 19 CALLE 36,,,,,-1,0,-1,,
-73.123709,7.118061,SEMAFORO,SEMAFORO    <br>       <br>   INTERSECCION   CRA. 18 CALLE 37,,,,,-1,0,-1,,
-73.123786,7.118029,SEMAFORO,SEMAFORO    <br>       <br>   INTERSECCION   CRA. 18 CALLE 37,,,,,-1,0,-1,,
-73.123789,7.117984,SEMAFORO,SEMAFORO    <br>       <br>   INTERSECCION   CRA. 18 CALLE 37,,,,,-1,0,-1,,
-73.123758,7.117902,SEMAFORO,SEMAFORO    <br>       <br>   INTERSECCION   CRA. 18 CALLE 37,,,,,-1,0,-1,,
-73.122772,7.118241,SEMAFORO,SEMAFORO    <br>       <br>   INTERSECCION   CRA. 19 CALLE 37,,,,,-1,0,-1,,
-73.122711,7.118262,SEMAFORO,SEMAFORO    <br>       <br>   INTERSECCION   CRA. 19 CALLE 37,,,,,-1,0,-1,,
-73.122704,7.118283,SEMAFORO,SEMAFORO    <br>       <br>   INTERSECCION   CRA. 19 CALLE 37,,,,,-1,0,-1,,
-73.119513,7.107178,SEMAFORO,SEMAFORO    <br>       <br>   INTERSECCION   CRA.17 CALLE 56,,,,,-1,0,-1,,
-73.119548,7.107268,SEMAFORO,SEMAFORO    <br>       <br>   INTERSECCION   CRA.17 CALLE 56,,,,,-1,0,-1,,
-73.119674,7.107103,SEMAFORO,SEMAFORO    <br>       <br>   INTERSECCION   CRA.17 CALLE 56,,,,,-1,0,-1,,
-73.119657,7.107001,SEMAFORO,SEMAFORO    <br>       <br>   INTERSECCION   CRA.17 CALLE 56,,,,,-1,0,-1,,
-73.119629,7.106926,SEMAFORO,SEMAFORO    <br>       <br>   INTERSECCION   CRA.17 CALLE 56,,,,,-1,0,-1,,
-73.11948,7.107065,SEMAFORO,SEMAFORO    <br>       <br>   INTERSECCION   CRA.17 CALLE 56,,,,,-1,0,-1,,
-73.121091,7.106418,SEMAFORO,SEMAFORO    <br>       <br>   INTERSECCION   CRA.15 CALLE 56,,,,,-1,0,-1,,
-73.120999,7.106373,SEMAFORO,SEMAFORO    <br>       <br>   INTERSECCION   CRA.15 CALLE 56,,,,,-1,0,-1,,
-73.120892,7.106624,SEMAFORO,SEMAFORO    <br>       <br>   INTERSECCION   CRA.15 CALLE 56,,,,,-1,0,-1,,
-73.120834,7.106568,SEMAFORO,SEMAFORO    <br>       <br>   INTERSECCION   CRA.15 CALLE 56,,,,,-1,0,-1,,
-73.117761,7.108189,SEMAFORO,SEMAFORO    <br>       <br>   INTERSECCION   CRA. 17C CALLE 56,,,,,-1,0,-1,,
-73.117788,7.108263,SEMAFORO,SEMAFORO    <br>       <br>   INTERSECCION   CRA. 17C CALLE 56,,,,,-1,0,-1,,
-73.117812,7.108273,SEMAFORO,SEMAFORO    <br>       <br>   INTERSECCION   CRA. 17C CALLE 56,,,,,-1,0,-1,,
-73.117919,7.108232,SEMAFORO,SEMAFORO    <br>       <br>   INTERSECCION   CRA. 17C CALLE 56,,,,,-1,0,-1,,
-73.117892,7.108147,SEMAFORO,SEMAFORO    <br>       <br>   INTERSECCION   CRA. 17C CALLE 56,,,,,-1,0,-1,,
-73.129652,7.112127,SEMAFORO,SEMAFORO    <br>       <br>   INTERSECCION   CRA. 9 CALLE 45,,,,,-1,0,-1,,
-73.129519,7.112167,SEMAFORO,SEMAFORO    <br>       <br>   INTERSECCION   CRA. 9 CALLE 45,,,,,-1,0,-1,,
-73.129844,7.112192,SEMAFORO,SEMAFORO    <br>       <br>   INTERSECCION   CRA. 9 CALLE 45,,,,,-1,0,-1,,
-73.129788,7.112102,SEMAFORO,SEMAFORO    <br>       <br>   INTERSECCION   CRA. 9 CALLE 45,,,,,-1,0,-1,,
-73.129789,7.112451,SEMAFORO,SEMAFORO    <br>       <br>   INTERSECCION   CRA. 9 CALLE 45,,,,,-1,0,-1,,
-73.129714,7.112481,SEMAFORO,SEMAFORO    <br>       <br>   INTERSECCION   CRA. 9 CALLE 45,,,,,-1,0,-1,,
-73.129557,7.112507,SEMAFORO,SEMAFORO    <br>       <br>   INTERSECCION   CRA. 9 CALLE 45,,,,,-1,0,-1,,
-73.129507,7.112401,SEMAFORO,SEMAFORO    <br>       <br>   INTERSECCION   CRA. 9 CALLE 45,,,,,-1,0,-1,,
-73.118202,7.12069,SEMAFORO,SEMAFORO    <br>       <br>   INTERSECCION   CRA. 25 CALLE 36,,,,,-1,0,-1,,
-73.118127,7.120718,SEMAFORO,SEMAFORO    <br>       <br>   INTERSECCION   CRA. 25 CALLE 36,,,,,-1,0,-1,,
-73.118131,7.120797,SEMAFORO,SEMAFORO    <br>       <br>   INTERSECCION   CRA. 25 CALLE 36,,,,,-1,0,-1,,
-73.118171,7.120862,SEMAFORO,SEMAFORO    <br>       <br>   INTERSECCION   CRA. 25 CALLE 36,,,,,-1,0,-1,,
-73.119911,7.12008,SEMAFORO,SEMAFORO    <br>       <br>   INTERSECCION   CRA. 23 CALLE 36,,,,,-1,0,-1,,
-73.11996,7.120141,SEMAFORO,SEMAFORO    <br>       <br>   INTERSECCION   CRA. 23 CALLE 36,,,,,-1,0,-1,,
-73.119819,7.120197,SEMAFORO,SEMAFORO    <br>       <br>   INTERSECCION   CRA. 23 CALLE 36,,,,,-1,0,-1,,
-73.119853,7.120261,SEMAFORO,SEMAFORO    <br>       <br>   INTERSECCION   CRA. 23 CALLE 36,,,,,-1,0,-1,,
-73.129201,7.126001,SEMAFORO,SEMAFORO    <br>       <br>   INTERSECCION   CRA. 15 CALLE 22,,,,,-1,0,-1,,
-73.129279,7.125983,SEMAFORO,SEMAFORO    <br>       <br>   INTERSECCION   CRA. 15 CALLE 22,,,,,-1,0,-1,,
-73.129293,7.125912,SEMAFORO,SEMAFORO    <br>       <br>   INTERSECCION   CRA. 15 CALLE 22,,,,,-1,0,-1,,
-73.129278,7.12582,SEMAFORO,SEMAFORO    <br>       <br>   INTERSECCION   CRA. 15 CALLE 22,,,,,-1,0,-1,,
-73.129168,7.125839,SEMAFORO,SEMAFORO    <br>       <br>   INTERSECCION   CRA. 15 CALLE 22,,,,,-1,0,-1,,
-73.129089,7.125853,SEMAFORO,SEMAFORO    <br>       <br>   INTERSECCION   CRA. 15 CALLE 22,,,,,-1,0,-1,,
-73.121885,7.113563,SEMAFORO,SEMAFORO    <br>       <br>   INTERSECCION   CRA. 17 AV. ROSITA,,,,,-1,0,-1,,
-73.121841,7.113481,SEMAFORO,SEMAFORO    <br>       <br>   INTERSECCION   CRA. 17 AV. ROSITA,,,,,-1,0,-1,,
-73.121793,7.113366,SEMAFORO,SEMAFORO    <br>       <br>   INTERSECCION   CRA. 17 AV. ROSITA,,,,,-1,0,-1,,
-73.121913,7.11332,SEMAFORO,SEMAFORO    <br>       <br>   INTERSECCION   CRA. 17 AV. ROSITA,,,,,-1,0,-1,,
-73.124578,7.117724,SEMAFORO,SEMAFORO    <br>       <br>   INTERSECCION   CRA. 17 CALLES 37,,,,,-1,0,-1,,
-73.124537,7.117651,SEMAFORO,SEMAFORO    <br>       <br>   INTERSECCION   CRA. 17 CALLES 37,,,,,-1,0,-1,,
-73.124519,7.117647,SEMAFORO,SEMAFORO    <br>       <br>   INTERSECCION   CRA. 17 CALLES 37,,,,,-1,0,-1,,
-73.124431,7.117676,SEMAFORO,SEMAFORO    <br>       <br>   INTERSECCION   CRA. 17 CALLES 37,,,,,-1,0,-1,,
-73.122151,7.123719,SEMAFORO,SEMAFORO    <br>       <br>   INTERSECCION   CRA. 22 CALLE 31,,,,,-1,0,-1,,
-73.1221,7.123739,SEMAFORO,SEMAFORO    <br>       <br>   INTERSECCION   CRA. 22 CALLE 31,,,,,-1,0,-1,,
-73.122082,7.123738,SEMAFORO,SEMAFORO    <br>       <br>   INTERSECCION   CRA. 22 CALLE 31,,,,,-1,0,-1,,
-73.122061,7.123681,SEMAFORO,SEMAFORO    <br>       <br>   INTERSECCION   CRA. 22 CALLE 31,,,,,-1,0,-1,,
-73.124919,7.121178,SEMAFORO,SEMAFORO    <br>       <br>   INTERSECCION   CRA. 18 CALLE 33,,,,,-1,0,-1,,
-73.124579,7.12028,SEMAFORO,SEMAFORO    <br>       <br>   INTERSECCION   CRA. 18 CALLE 34,,,,,-1,0,-1,,
-73.124512,7.12031,SEMAFORO,SEMAFORO    <br>       <br>   INTERSECCION   CRA. 18 CALLE 34,,,,,-1,0,-1,,
-73.124475,7.120221,SEMAFORO,SEMAFORO    <br>       <br>   INTERSECCION   CRA. 18 CALLE 34,,,,,-1,0,-1,,
-73.124504,7.120308,SEMAFORO,SEMAFORO    <br>       <br>   INTERSECCION   CRA. 18 CALLE 34,,,,,-1,0,-1,,
-73.125157,7.119151,SEMAFORO,SEMAFORO    <br>       <br>   INTERSECCION   CRA. 17 CALLE 35,,,,,-1,0,-1,,
-73.125219,7.119124,SEMAFORO,SEMAFORO    <br>       <br>   INTERSECCION   CRA. 17 CALLE 35,,,,,-1,0,-1,,
-73.125174,7.118973,SEMAFORO,SEMAFORO    <br>       <br>   INTERSECCION   CRA. 17 CALLE 35,,,,,-1,0,-1,,
-73.125102,7.119009,SEMAFORO,SEMAFORO    <br>       <br>   INTERSECCION   CRA. 17 CALLE 35,,,,,-1,0,-1,,
-73.123309,7.119842,SEMAFORO,SEMAFORO    <br>       <br>   INTERSECCION   CRA. 19 CALLE 35,,,,,-1,0,-1,,
-73.123372,7.11981,SEMAFORO,SEMAFORO    <br>       <br>   INTERSECCION   CRA. 19 CALLE 35,,,,,-1,0,-1,,
-73.123344,7.119692,SEMAFORO,SEMAFORO    <br>       <br>   INTERSECCION   CRA. 19 CALLE 35,,,,,-1,0,-1,,
-73.123265,7.119721,SEMAFORO,SEMAFORO    <br>       <br>   INTERSECCION   CRA. 19 CALLE 35,,,,,-1,0,-1,,
-73.123884,7.123804,SEMAFORO,SEMAFORO    <br>       <br>   INTERSECCION   CRA. 20  AV. Q. SECA,,,,,-1,0,-1,,
-73.123828,7.123689,SEMAFORO,SEMAFORO    <br>       <br>   INTERSECCION   CRA. 20  AV. Q. SECA,,,,,-1,0,-1,,
-73.123995,7.123614,SEMAFORO,SEMAFORO    <br>       <br>   INTERSECCION   CRA. 20  AV. Q. SECA,,,,,-1,0,-1,,
-73.123984,7.123476,SEMAFORO,SEMAFORO    <br>       <br>   INTERSECCION   CRA. 20  AV. Q. SECA,,,,,-1,0,-1,,
-73.124026,7.123799,SEMAFORO,SEMAFORO    <br>       <br>   INTERSECCION   CRA. 20  AV. Q. SECA,,,,,-1,0,-1,,
-73.123949,7.123832,SEMAFORO,SEMAFORO    <br>       <br>   INTERSECCION   CRA. 20  AV. Q. SECA,,,,,-1,0,-1,,
-73.124101,7.121515,SEMAFORO,SEMAFORO    <br>       <br>   INTERSECCION   CRA. 19 CALLE 33,,,,,-1,0,-1,,
-73.123612,7.120623,SEMAFORO,SEMAFORO    <br>       <br>   INTERSECCION   CRA. 19 CALLE 34,,,,,-1,0,-1,,
-73.123578,7.12056,SEMAFORO,SEMAFORO    <br>       <br>   INTERSECCION   CRA. 19 CALLE 34,,,,,-1,0,-1,,
-73.123582,7.120536,SEMAFORO,SEMAFORO    <br>       <br>   INTERSECCION   CRA. 19 CALLE 34,,,,,-1,0,-1,,
-73.123655,7.120503,SEMAFORO,SEMAFORO    <br>       <br>   INTERSECCION   CRA. 19 CALLE 34,,,,,-1,0,-1,,
-73.122567,7.122054,SEMAFORO,SEMAFORO    <br>       <br>   INTERSECCION   CRA. 21 CALLE 33,,,,,-1,0,-1,,
-73.122539,7.12197,SEMAFORO,SEMAFORO    <br>       <br>   INTERSECCION   CRA. 21 CALLE 33,,,,,-1,0,-1,,
-73.122516,7.121954,SEMAFORO,SEMAFORO    <br>       <br>   INTERSECCION   CRA. 21 CALLE 33,,,,,-1,0,-1,,
-73.122434,7.121988,SEMAFORO,SEMAFORO    <br>       <br>   INTERSECCION   CRA. 21 CALLE 33,,,,,-1,0,-1,,
-73.121885,7.120355,SEMAFORO,SEMAFORO    <br>       <br>   INTERSECCION   CRA. 21 CALLE 35,,,,,-1,0,-1,,
-73.121856,7.120272,SEMAFORO,SEMAFORO    <br>       <br>   INTERSECCION   CRA. 21 CALLE 35,,,,,-1,0,-1,,
-73.121842,7.120268,SEMAFORO,SEMAFORO    <br>       <br>   INTERSECCION   CRA. 21 CALLE 35,,,,,-1,0,-1,,
-73.121746,7.120303,SEMAFORO,SEMAFORO    <br>       <br>   INTERSECCION   CRA. 21 CALLE 35,,,,,-1,0,-1,,
-73.121296,7.118858,SEMAFORO,SEMAFORO    <br>       <br>   INTERSECCION   CRA. 21 CALLE 37,,,,,-1,0,-1,,
-73.121272,7.118796,SEMAFORO,SEMAFORO    <br>       <br>   INTERSECCION   CRA. 21 CALLE 37,,,,,-1,0,-1,,
-73.121236,7.118785,SEMAFORO,SEMAFORO    <br>       <br>   INTERSECCION   CRA. 21 CALLE 37,,,,,-1,0,-1,,
-73.121133,7.1188,SEMAFORO,SEMAFORO    <br>       <br>   INTERSECCION   CRA. 21 CALLE 37,,,,,-1,0,-1,,
-73.118956,7.116215,SEMAFORO,SEMAFORO    <br>       <br>   INTERSECCION   CRA. 22 AV. ROSITA,,,,,-1,0,-1,,
-73.119013,7.116158,SEMAFORO,SEMAFORO    <br>       <br>   INTERSECCION   CRA. 22 AV. ROSITA,,,,,-1,0,-1,,
-73.118833,7.116198,SEMAFORO,SEMAFORO    <br>       <br>   INTERSECCION   CRA. 22 AV. ROSITA,,,,,-1,0,-1,,
-73.118922,7.116234,SEMAFORO,SEMAFORO    <br>       <br>   INTERSECCION   CRA. 22 AV. ROSITA,,,,,-1,0,-1,,
-73.118957,7.115964,SEMAFORO,SEMAFORO    <br>       <br>   INTERSECCION   CRA. 22 AV. ROSITA,,,,,-1,0,-1,,
-73.118896,7.115843,SEMAFORO,SEMAFORO    <br>       <br>   INTERSECCION   CRA. 22 AV. ROSITA,,,,,-1,0,-1,,
-73.122657,7.125013,SEMAFORO,SEMAFORO    <br>       <br>   INTERSECCION   CRA. 22  AV. Q. SECA,,,,,-1,0,-1,,
-73.12259,7.125046,SEMAFORO,SEMAFORO    <br>       <br>   INTERSECCION   CRA. 22  AV. Q. SECA,,,,,-1,0,-1,,
-73.122533,7.125077,SEMAFORO,SEMAFORO    <br>       <br>   INTERSECCION   CRA. 22  AV. Q. SECA,,,,,-1,0,-1,,
-73.122482,7.124968,SEMAFORO,SEMAFORO    <br>       <br>   INTERSECCION   CRA. 22  AV. Q. SECA,,,,,-1,0,-1,,
-73.12263,7.124822,SEMAFORO,SEMAFORO    <br>       <br>   INTERSECCION   CRA. 22  AV. Q. SECA,,,,,-1,0,-1,,
-73.122604,7.124694,SEMAFORO,SEMAFORO    <br>       <br>   INTERSECCION   CRA. 22  AV. Q. SECA,,,,,-1,0,-1,,
-73.121582,7.122474,SEMAFORO,SEMAFORO    <br>       <br>   INTERSECCION   CRA. 22 CALLE 33,,,,,-1,0,-1,,
-73.12169,7.122446,SEMAFORO,SEMAFORO    <br>       <br>   INTERSECCION   CRA. 22 CALLE 33,,,,,-1,0,-1,,
-73.121693,7.122425,SEMAFORO,SEMAFORO    <br>       <br>   INTERSECCION   CRA. 22 CALLE 33,,,,,-1,0,-1,,
-73.121639,7.122329,SEMAFORO,SEMAFORO    <br>       <br>   INTERSECCION   CRA. 22 CALLE 33,,,,,-1,0,-1,,
-73.121306,7.121483,SEMAFORO,SEMAFORO    <br>       <br>   INTERSECCION   CRA. 22 CALLE 34,,,,,-1,0,-1,,
-73.121256,7.121502,SEMAFORO,SEMAFORO    <br>       <br>   INTERSECCION   CRA. 22 CALLE 34,,,,,-1,0,-1,,
-73.12124,7.121488,SEMAFORO,SEMAFORO    <br>       <br>   INTERSECCION   CRA. 22 CALLE 34,,,,,-1,0,-1,,
-73.121223,7.121439,SEMAFORO,SEMAFORO    <br>       <br>   INTERSECCION   CRA. 22 CALLE 34,,,,,-1,0,-1,,
-73.120337,7.119205,SEMAFORO,SEMAFORO    <br>       <br>   INTERSECCION   CRA. 22 CALLE 37,,,,,-1,0,-1,,
-73.120403,7.11918,SEMAFORO,SEMAFORO    <br>       <br>   INTERSECCION   CRA. 22 CALLE 37,,,,,-1,0,-1,,
-73.120414,7.119161,SEMAFORO,SEMAFORO    <br>       <br>   INTERSECCION   CRA. 22 CALLE 37,,,,,-1,0,-1,,
-73.120383,7.119084,SEMAFORO,SEMAFORO    <br>       <br>   INTERSECCION   CRA. 22 CALLE 37,,,,,-1,0,-1,,
-73.111262,7.10384,SEMAFORO,SEMAFORO    <br>       <br>   INTERSECCION   CRA. 30 CALLE 67,,,,,-1,0,-1,,
-73.111208,7.103902,SEMAFORO,SEMAFORO    <br>       <br>   INTERSECCION   CRA. 30 CALLE 67,,,,,-1,0,-1,,
-73.111051,7.103896,SEMAFORO,SEMAFORO    <br>       <br>   INTERSECCION   CRA. 30 CALLE 67,,,,,-1,0,-1,,
-73.111041,7.103816,SEMAFORO,SEMAFORO    <br>       <br>   INTERSECCION   CRA. 30 CALLE 67,,,,,-1,0,-1,,
-73.111226,7.103744,SEMAFORO,SEMAFORO    <br>       <br>   INTERSECCION   CRA. 30 CALLE 67,,,,,-1,0,-1,,
-73.111182,7.103686,SEMAFORO,SEMAFORO    <br>       <br>   INTERSECCION   CRA. 30 CALLE 67,,,,,-1,0,-1,,
-73.117692,7.123963,SEMAFORO,SEMAFORO    <br>       <br>   INTERSECCION   CRA. 27 CALLE 33,,,,,-1,0,-1,,
-73.117594,7.124017,SEMAFORO,SEMAFORO    <br>       <br>   INTERSECCION   CRA. 27 CALLE 33,,,,,-1,0,-1,,
-73.117546,7.12391,SEMAFORO,SEMAFORO    <br>       <br>   INTERSECCION   CRA. 27 CALLE 33,,,,,-1,0,-1,,
-73.117437,7.123955,SEMAFORO,SEMAFORO    <br>       <br>   INTERSECCION   CRA. 27 CALLE 33,,,,,-1,0,-1,,
-73.117666,7.123874,SEMAFORO,SEMAFORO    <br>       <br>   INTERSECCION   CRA. 27 CALLE 33,,,,,-1,0,-1,,
-73.117697,7.123955,SEMAFORO,SEMAFORO    <br>       <br>   INTERSECCION   CRA. 27 CALLE 33,,,,,-1,0,-1,,
-73.113072,7.109325,SEMAFORO,SEMAFORO    <br>       <br>   INTERSECCION   CRA. 28 CALLE 56,,,,,-1,0,-1,,
-73.113027,7.109305,SEMAFORO,SEMAFORO    <br>       <br>   INTERSECCION   CRA. 28 CALLE 56,,,,,-1,0,-1,,
-73.113208,7.109199,SEMAFORO,SEMAFORO    <br>       <br>   INTERSECCION   CRA. 28 CALLE 56,,,,,-1,0,-1,,
-73.113178,7.109127,SEMAFORO,SEMAFORO    <br>       <br>   INTERSECCION   CRA. 28 CALLE 56,,,,,-1,0,-1,,
-73.112065,7.121926,SEMAFORO,SEMAFORO    <br>       <br>   INTERSECCION   CRA. 33 CALLE 41,,,,,-1,0,-1,,
-73.111995,7.121939,SEMAFORO,SEMAFORO    <br>       <br>   INTERSECCION   CRA. 33 CALLE 41,,,,,-1,0,-1,,
-73.111957,7.121748,SEMAFORO,SEMAFORO    <br>       <br>   INTERSECCION   CRA. 33 CALLE 41,,,,,-1,0,-1,,
-73.111893,7.121768,SEMAFORO,SEMAFORO    <br>       <br>   INTERSECCION   CRA. 33 CALLE 41,,,,,-1,0,-1,,
-73.111867,7.121832,SEMAFORO,SEMAFORO    <br>       <br>   INTERSECCION   CRA. 33 CALLE 41,,,,,-1,0,-1,,
-73.111881,7.121912,SEMAFORO,SEMAFORO    <br>       <br>   INTERSECCION   CRA. 33 CALLE 41,,,,,-1,0,-1,,
-73.120212,7.117276,SEMAFORO,SEMAFORO    <br>       <br>   INTERSECCION   CRA. 21 CALLE 41,,,,,-1,0,-1,,
-73.120179,7.117209,SEMAFORO,SEMAFORO    <br>       <br>   INTERSECCION   CRA. 21 CALLE 41,,,,,-1,0,-1,,
-73.120185,7.117191,SEMAFORO,SEMAFORO    <br>       <br>   INTERSECCION   CRA. 21 CALLE 41,,,,,-1,0,-1,,
-73.120296,7.117165,SEMAFORO,SEMAFORO    <br>       <br>   INTERSECCION   CRA. 21 CALLE 41,,,,,-1,0,-1,,
-73.117908,7.113644,SEMAFORO,SEMAFORO    <br>       <br>   INTERSECCION   CRA. 22 CALLE 50,,,,,-1,0,-1,,
-73.117824,7.11369,SEMAFORO,SEMAFORO    <br>       <br>   INTERSECCION   CRA. 22 CALLE 50,,,,,-1,0,-1,,
-73.117798,7.113683,SEMAFORO,SEMAFORO    <br>       <br>   INTERSECCION   CRA. 22 CALLE 50,,,,,-1,0,-1,,
-73.117765,7.113578,SEMAFORO,SEMAFORO    <br>       <br>   INTERSECCION   CRA. 22 CALLE 50,,,,,-1,0,-1,,
-73.109132,7.119173,SEMAFORO,SEMAFORO    <br>       <br>   INTERSECCION   CRA. 36 CALLE 45,,,,,-1,0,-1,,
-73.120401,7.109391,SEMAFORO,SEMAFORO    <br>       <br>   INTERSECCION   CRA. 17 CALLE 53,,,,,-1,0,-1,,
-73.122367,7.115711,SEMAFORO,SEMAFORO    <br>       <br>   INTERSECCION   CRA. 18 CALLE 45,,,,,-1,0,-1,,
-73.122302,7.115736,SEMAFORO,SEMAFORO    <br>       <br>   INTERSECCION   CRA. 18 CALLE 45,,,,,-1,0,-1,,
-73.122339,7.115605,SEMAFORO,SEMAFORO    <br>       <br>   INTERSECCION   CRA. 18 CALLE 45,,,,,-1,0,-1,,
-73.122282,7.115545,SEMAFORO,SEMAFORO    <br>       <br>   INTERSECCION   CRA. 18 CALLE 45,,,,,-1,0,-1,,
-73.122259,7.115731,SEMAFORO,SEMAFORO    <br>       <br>   INTERSECCION   CRA. 18 CALLE 45,,,,,-1,0,-1,,
-73.122214,7.115658,SEMAFORO,SEMAFORO    <br>       <br>   INTERSECCION   CRA. 18 CALLE 45,,,,,-1,0,-1,,
-73.131429,7.116916,SEMAFORO,SEMAFORO    <br>       <br>   INTERSECCION   CRA. 9 CALLE 35,,,,,-1,0,-1,,
-73.131357,7.11695,SEMAFORO,SEMAFORO    <br>       <br>   INTERSECCION   CRA. 9 CALLE 35,,,,,-1,0,-1,,
-73.131317,7.116809,SEMAFORO,SEMAFORO    <br>       <br>   INTERSECCION   CRA. 9 CALLE 35,,,,,-1,0,-1,,
-73.131253,7.116867,SEMAFORO,SEMAFORO    <br>       <br>   INTERSECCION   CRA. 9 CALLE 35,,,,,-1,0,-1,,
-73.131268,7.116935,SEMAFORO,SEMAFORO    <br>       <br>   INTERSECCION   CRA. 9 CALLE 35,,,,,-1,0,-1,,
-73.131249,7.116885,SEMAFORO,SEMAFORO    <br>       <br>   INTERSECCION   CRA. 9 CALLE 35,,,,,-1,0,-1,,
-73.130438,7.121513,SEMAFORO,SEMAFORO    <br>       <br>   INTERSECCION   CRA. 12 AV. Q. SECA,,,,,-1,0,-1,,
-73.130376,7.121412,SEMAFORO,SEMAFORO    <br>       <br>   INTERSECCION   CRA. 12 AV. Q. SECA,,,,,-1,0,-1,,
-73.130298,7.12168,SEMAFORO,SEMAFORO    <br>       <br>   INTERSECCION   CRA. 12 AV. Q. SECA,,,,,-1,0,-1,,
-73.130254,7.121553,SEMAFORO,SEMAFORO    <br>       <br>   INTERSECCION   CRA. 12 AV. Q. SECA,,,,,-1,0,-1,,
-73.130353,7.12141,SEMAFORO,SEMAFORO    <br>       <br>   INTERSECCION   CRA. 12 AV. Q. SECA,,,,,-1,0,-1,,
-73.130273,7.121427,SEMAFORO,SEMAFORO    <br>       <br>   INTERSECCION   CRA. 12 AV. Q. SECA,,,,,-1,0,-1,,
-73.119286,7.116732,SEMAFORO,SEMAFORO    <br>       <br>   INTERSECCION   CRA. 22 CALLE 45,,,,,-1,0,-1,,
-73.119211,7.116763,SEMAFORO,SEMAFORO    <br>       <br>   INTERSECCION   CRA. 22 CALLE 45,,,,,-1,0,-1,,
-73.119144,7.116687,SEMAFORO,SEMAFORO    <br>       <br>   INTERSECCION   CRA. 22 CALLE 45,,,,,-1,0,-1,,
-73.119183,7.116757,SEMAFORO,SEMAFORO    <br>       <br>   INTERSECCION   CRA. 22 CALLE 45,,,,,-1,0,-1,,
-73.119267,7.116626,SEMAFORO,SEMAFORO    <br>       <br>   INTERSECCION   CRA. 22 CALLE 45,,,,,-1,0,-1,,
-73.119233,7.116548,SEMAFORO,SEMAFORO    <br>       <br>   INTERSECCION   CRA. 22 CALLE 45,,,,,-1,0,-1,,
-73.120065,7.133128,SEMAFORO,SEMAFORO    <br>       <br>   INTERSECCION   CRA. 27 CALLE 16,,,,,-1,0,-1,,
-73.120144,7.133115,SEMAFORO,SEMAFORO    <br>       <br>   INTERSECCION   CRA. 27 CALLE 16,,,,,-1,0,-1,,
-73.120157,7.133088,SEMAFORO,SEMAFORO    <br>       <br>   INTERSECCION   CRA. 27 CALLE 16,,,,,-1,0,-1,,
-73.120146,7.133,SEMAFORO,SEMAFORO    <br>       <br>   INTERSECCION   CRA. 27 CALLE 16,,,,,-1,0,-1,,
-73.120048,7.133006,SEMAFORO,SEMAFORO    <br>       <br>   INTERSECCION   CRA. 27 CALLE 16,,,,,-1,0,-1,,
-73.119968,7.133017,SEMAFORO,SEMAFORO    <br>       <br>   INTERSECCION   CRA. 27 CALLE 16,,,,,-1,0,-1,,
